Dates,Open,High,Low,Close,,
01-10-2021,43816.74219,48436.01172,43320.02344,48116.94141,,
02-10-2021,48137.46875,48282.0625,47465.49609,47711.48828,,
03-10-2021,47680.02734,49130.69141,47157.28906,48199.95313,,
04-10-2021,48208.90625,49456.77734,47045.00391,49112.90234,,
05-10-2021,49174.96094,51839.98438,49072.83984,51514.8125,,
06-10-2021,51486.66406,55568.46484,50488.19141,55361.44922,,
07-10-2021,55338.625,55338.625,53525.46875,53805.98438,,
08-10-2021,53802.14453,55922.98047,53688.05469,53967.84766,,
09-10-2021,53929.78125,55397.94531,53735.14453,54968.22266,,
10-10-2021,54952.82031,56401.30469,54264.25781,54771.57813,,
11-10-2021,54734.125,57793.03906,54519.76563,57484.78906,,
12-10-2021,57526.83203,57627.87891,54477.97266,56041.05859,,
13-10-2021,56038.25781,57688.66016,54370.97266,57401.09766,,
14-10-2021,57372.83203,58478.73438,56957.07422,57321.52344,,
15-10-2021,57345.90234,62757.12891,56868.14453,61593.94922,,
16-10-2021,61609.52734,62274.47656,60206.12109,60892.17969,,
17-10-2021,60887.65234,61645.52344,59164.46875,61553.61719,,
18-10-2021,61548.80469,62614.66016,60012.75781,62026.07813,,
19-10-2021,62043.16406,64434.53516,61622.93359,64261.99219,,
20-10-2021,64284.58594,66930.39063,63610.67578,65992.83594,,
21-10-2021,66002.23438,66600.54688,62117.41016,62210.17188,,
22-10-2021,62237.89063,63715.02344,60122.79688,60692.26563,,
23-10-2021,60694.62891,61743.87891,59826.52344,61393.61719,,
24-10-2021,61368.34375,61505.80469,59643.34375,60930.83594,,
25-10-2021,60893.92578,63729.32422,60691.80078,63039.82422,,
26-10-2021,63032.76172,63229.02734,59991.16016,60363.79297,,
27-10-2021,60352,61435.18359,58208.1875,58482.38672,,
28-10-2021,58470.73047,62128.63281,58206.91797,60622.13672,,
29-10-2021,60624.87109,62927.60938,60329.96484,62227.96484,,
30-10-2021,62239.36328,62330.14453,60918.38672,61888.83203,,
31-10-2021,61850.48828,62406.17188,60074.32813,61318.95703,,
01-11-2021,61320.44922,62419.00391,59695.18359,61004.40625,,
02-11-2021,60963.25391,64242.79297,60673.05469,63226.40234,,
03-11-2021,63254.33594,63516.9375,61184.23828,62970.04688,,
04-11-2021,62941.80469,63123.28906,60799.66406,61452.23047,,
05-11-2021,61460.07813,62541.46875,60844.60938,61125.67578,,
06-11-2021,61068.875,61590.68359,60163.78125,61527.48047,,
07-11-2021,61554.92188,63326.98828,61432.48828,63326.98828,,
08-11-2021,63344.06641,67673.74219,63344.06641,67566.82813,,
09-11-2021,67549.73438,68530.33594,66382.0625,66971.82813,,
10-11-2021,66953.33594,68789.625,63208.11328,64995.23047,,
11-11-2021,64978.89063,65579.01563,64180.48828,64949.96094,,
12-11-2021,64863.98047,65460.81641,62333.91406,64155.94141,,
13-11-2021,64158.12109,64915.67578,63303.73438,64469.52734,,
14-11-2021,64455.37109,65495.17969,63647.80859,65466.83984,,
15-11-2021,65521.28906,66281.57031,63548.14453,63557.87109,,
16-11-2021,63721.19531,63721.19531,59016.33594,60161.24609,,
17-11-2021,60139.62109,60823.60938,58515.41016,60368.01172,,
18-11-2021,60360.13672,60948.5,56550.79297,56942.13672,,
19-11-2021,56896.12891,58351.11328,55705.17969,58119.57813,,
20-11-2021,58115.08203,59859.87891,57469.72656,59697.19531,,
21-11-2021,59730.50781,60004.42578,58618.92969,58730.47656,,
22-11-2021,58706.84766,59266.35938,55679.83984,56289.28906,,
23-11-2021,56304.55469,57875.51563,55632.76172,57569.07422,,
24-11-2021,57565.85156,57803.06641,55964.22266,56280.42578,,
25-11-2021,57165.41797,59367.96875,57146.68359,57274.67969,,
26-11-2021,58960.28516,59183.48047,53569.76563,53569.76563,,
27-11-2021,53736.42969,55329.25781,53668.35547,54815.07813,,
28-11-2021,54813.02344,57393.84375,53576.73438,57248.45703,,
29-11-2021,57291.90625,58872.87891,56792.52734,57806.56641,,
30-11-2021,57830.11328,59113.40234,56057.28125,57005.42578,,
01-12-2021,56907.96484,59041.68359,56553.08203,57229.82813,,
02-12-2021,57217.37109,57349.23438,55895.13281,56477.81641,,
03-12-2021,56509.16406,57482.16797,52496.58594,53598.24609,,
04-12-2021,53727.87891,53904.67969,42874.61719,49200.70313,,
05-12-2021,49201.51953,49768.14844,47857.49609,49368.84766,,
06-12-2021,49413.48047,50929.51953,47281.03516,50582.625,,
07-12-2021,50581.82813,51934.78125,50175.80859,50700.08594,,
08-12-2021,50667.64844,51171.375,48765.98828,50504.79688,,
09-12-2021,50450.08203,50797.16406,47358.35156,47672.12109,,
10-12-2021,47642.14453,50015.25391,47023.69922,47243.30469,,
11-12-2021,47264.63281,49458.21094,46942.34766,49362.50781,,
12-12-2021,49354.85547,50724.86719,48725.85156,50098.33594,,
13-12-2021,50114.74219,50205,45894.84766,46737.48047,,
14-12-2021,46709.82422,48431.39844,46424.49609,46612.63281,,
15-12-2021,48379.75391,49473.95703,46671.96484,48896.72266,,
16-12-2021,48900.46484,49425.57422,47529.87891,47665.42578,,
17-12-2021,47653.73047,48004.89453,45618.21484,46202.14453,,
18-12-2021,46219.25391,47313.82813,45598.44141,46848.77734,,
19-12-2021,46853.86719,48089.66406,46502.95313,46707.01563,,
20-12-2021,46707.0625,47401.71875,45579.80859,46880.27734,,
21-12-2021,46886.07813,49300.91797,46698.77344,48936.61328,,
22-12-2021,48937.09766,49544.79688,48450.94141,48628.51172,,
23-12-2021,48626.34375,51332.33984,48065.83594,50784.53906,,
24-12-2021,50806.05078,51814.02734,50514.49609,50822.19531,,
25-12-2021,50854.91797,51176.59766,50236.70703,50429.85938,,
26-12-2021,50428.69141,51196.37891,49623.10547,50809.51563,,
27-12-2021,50802.60938,51956.32813,50499.46875,50640.41797,,
28-12-2021,50679.85938,50679.85938,47414.21094,47588.85547,,
29-12-2021,47623.87109,48119.74219,46201.49609,46444.71094,,
30-12-2021,46490.60547,47879.96484,46060.3125,47178.125,,
31-12-2021,47169.37109,48472.52734,45819.95313,46306.44531,,
01-01-2022,46311.74609,47827.3125,46288.48438,47686.8125,,
02-01-2022,47680.92578,47881.40625,46856.9375,47345.21875,,
03-01-2022,47343.54297,47510.72656,45835.96484,46458.11719,,
04-01-2022,46458.85156,47406.54688,45752.46484,45897.57422,,
05-01-2022,45899.35938,46929.04688,42798.22266,43569.00391,,
06-01-2022,43565.51172,43748.71875,42645.53906,43160.92969,,
07-01-2022,43153.57031,43153.57031,41077.44531,41557.90234,,
08-01-2022,41561.46484,42228.94141,40672.27734,41733.94141,,
09-01-2022,41734.72656,42663.94922,41338.16016,41911.60156,,
10-01-2022,41910.23047,42199.48438,39796.57031,41821.26172,,
11-01-2022,41819.50781,43001.15625,41407.75391,42735.85547,,
12-01-2022,42742.17969,44135.36719,42528.98828,43949.10156,,
13-01-2022,43946.74219,44278.42188,42447.04297,42591.57031,,
14-01-2022,42598.87109,43346.6875,41982.61719,43099.69922,,
15-01-2022,43101.89844,43724.67188,42669.03516,43177.39844,,
16-01-2022,43172.03906,43436.80859,42691.02344,43113.87891,,
17-01-2022,43118.12109,43179.39063,41680.32031,42250.55078,,
18-01-2022,42250.07422,42534.40234,41392.21484,42375.63281,,
19-01-2022,42374.03906,42478.30469,41242.91406,41744.32813,,
20-01-2022,41744.02734,43413.02344,40672.82422,40680.41797,,
21-01-2022,40699.60547,41060.52734,35791.42578,36457.31641,,
22-01-2022,36471.58984,36688.8125,34349.25,35030.25,,
23-01-2022,35047.35938,36433.3125,34784.96875,36276.80469,,
24-01-2022,36275.73438,37247.51953,33184.05859,36654.32813,,
25-01-2022,36654.80469,37444.57031,35779.42969,36954.00391,,
26-01-2022,36950.51563,38825.41016,36374.90625,36852.12109,,
27-01-2022,36841.87891,37148.32422,35629.28125,37138.23438,,
28-01-2022,37128.44531,37952.87891,36211.10938,37784.33203,,
29-01-2022,37780.71484,38576.26172,37406.47266,38138.17969,,
30-01-2022,38151.91797,38266.33984,37437.71094,37917.60156,,
31-01-2022,37920.28125,38647.26172,36733.57422,38483.125,,
01-02-2022,38481.76563,39115.13281,38113.66406,38743.27344,,
02-02-2022,38743.71484,38834.61719,36832.73047,36952.98438,,
03-02-2022,36944.80469,37154.60156,36375.53906,37154.60156,,
04-02-2022,37149.26563,41527.78516,37093.62891,41500.875,,
05-02-2022,41501.48047,41847.16406,41038.09766,41441.16406,,
06-02-2022,41441.12109,42500.78516,41244.90625,42412.43359,,
07-02-2022,42406.78125,44401.86328,41748.15625,43840.28516,,
08-02-2022,43854.65234,45293.86719,42807.83594,44118.44531,,
09-02-2022,44096.70313,44727.80078,43232.96875,44338.79688,,
10-02-2022,44347.80078,45661.17188,43402.80859,43565.11328,,
11-02-2022,43571.12891,43810.83203,42114.53906,42407.9375,,
12-02-2022,42412.30078,42992.55078,41852.57422,42244.46875,,
13-02-2022,42236.56641,42693.05469,41950.94141,42197.51563,,
14-02-2022,42157.39844,42775.77734,41681.95703,42586.91797,,
15-02-2022,42586.46484,44667.21875,42491.03516,44575.20313,,
16-02-2022,44578.27734,44578.27734,43456.69141,43961.85938,,
17-02-2022,43937.07031,44132.97266,40249.37109,40538.01172,,
18-02-2022,40552.13281,40929.15234,39637.61719,40030.97656,,
19-02-2022,40026.02344,40418.87891,39713.05859,40122.15625,,
20-02-2022,40118.10156,40119.89063,38112.8125,38431.37891,,
21-02-2022,38423.21094,39394.4375,36950.47656,37075.28125,,
22-02-2022,37068.76953,38359.85547,36488.93359,38286.02734,,
23-02-2022,38285.28125,39122.39453,37201.81641,37296.57031,,
24-02-2022,37278.56641,38968.83984,34459.21875,38332.60938,,
25-02-2022,38333.74609,39630.32422,38111.34375,39214.21875,,
26-02-2022,39213.08203,40005.34766,38702.53516,39105.14844,,
27-02-2022,39098.69922,39778.94141,37268.97656,37709.78516,,
28-02-2022,37706,43760.45703,37518.21484,43193.23438,,
01-03-2022,43194.50391,44793.60156,42952.58594,44354.63672,,
02-03-2022,44357.61719,45077.57813,43432.85156,43924.11719,,
03-03-2022,43925.19531,44021.57813,41914.75,42451.78906,,
04-03-2022,42458.14063,42479.61328,38805.84766,39137.60547,,
05-03-2022,39148.44922,39566.33594,38777.03516,39400.58594,,
06-03-2022,39404.19922,39640.17578,38211.64844,38419.98438,,
07-03-2022,38429.30469,39430.22656,37260.20313,38062.03906,,
08-03-2022,38059.90234,39304.44141,37957.38672,38737.26953,,
09-03-2022,38742.81641,42465.67188,38706.09375,41982.92578,,
10-03-2022,41974.07031,42004.72656,38832.94141,39437.46094,,
11-03-2022,39439.96875,40081.67969,38347.43359,38794.97266,,
12-03-2022,38794.46484,39308.59766,38772.53516,38904.01172,,
13-03-2022,38884.72656,39209.35156,37728.14453,37849.66406,,
14-03-2022,37846.31641,39742.5,37680.73438,39666.75391,,
15-03-2022,39664.25,39794.62891,38310.21094,39338.78516,,
16-03-2022,39335.57031,41465.45313,39022.34766,41143.92969,,
17-03-2022,41140.84375,41287.53516,40662.87109,40951.37891,,
18-03-2022,40944.83984,42195.74609,40302.39844,41801.15625,,
19-03-2022,41794.64844,42316.55469,41602.66797,42190.65234,,
20-03-2022,42191.40625,42241.16406,41004.75781,41247.82422,,
21-03-2022,41246.13281,41454.41016,40668.04297,41077.99609,,
22-03-2022,41074.10547,43124.70703,40948.28125,42358.80859,,
23-03-2022,42364.37891,42893.50781,41877.50781,42892.95703,,
24-03-2022,42886.65234,44131.85547,42726.16406,43960.93359,,
25-03-2022,43964.54688,44999.49219,43706.28516,44348.73047,,
26-03-2022,44349.85938,44735.99609,44166.27344,44500.82813,,
27-03-2022,44505.35547,46827.54688,44437.29297,46820.49219,,
28-03-2022,46821.85156,48086.83594,46690.20313,47128.00391,,
29-03-2022,47100.4375,48022.28906,47100.4375,47465.73047,,
30-03-2022,47456.89844,47655.14844,46746.21094,47062.66406,,
31-03-2022,47062.14844,47512.02734,45390.53906,45538.67578,,
01-04-2022,45554.16406,46616.24219,44403.14063,46281.64453,,
02-04-2022,46285.5,47028.28125,45782.51172,45868.94922,,
03-04-2022,45859.12891,47313.47656,45634.10547,46453.56641,,
04-04-2022,46445.27344,46791.08984,45235.81641,46622.67578,,
05-04-2022,46624.50781,47106.14063,45544.80859,45555.99219,,
06-04-2022,45544.35547,45544.35547,43193.95313,43206.73828,,
07-04-2022,43207.5,43860.69922,42899.90625,43503.84766,,
08-04-2022,43505.13672,43903.01953,42183.28906,42287.66406,,
09-04-2022,42282.07813,42786.81641,42183.25391,42782.13672,,
10-04-2022,42781.08984,43376.37891,42021.20703,42207.67188,,
11-04-2022,42201.03906,42424.58984,39373.05859,39521.90234,,
12-04-2022,39533.71484,40617.58594,39388.32813,40127.18359,,
13-04-2022,40123.57031,41430.05469,39712.74609,41166.73047,,
14-04-2022,41160.21875,41451.48047,39695.74609,39935.51563,,
15-04-2022,39939.40234,40617.72266,39866.83203,40553.46484,,
16-04-2022,40552.31641,40633.67969,40078.42578,40424.48438,,
17-04-2022,40417.77734,40570.72656,39620.89453,39716.95313,,
18-04-2022,39721.20313,40986.32031,38696.19141,40826.21484,,
19-04-2022,40828.17578,41672.96094,40618.63281,41502.75,,
20-04-2022,41501.74609,42126.30078,40961.09766,41374.37891,,
21-04-2022,41371.51563,42893.58203,40063.82813,40527.36328,,
22-04-2022,40525.86328,40777.75781,39315.41797,39740.32031,,
23-04-2022,39738.72266,39935.85938,39352.20313,39486.73047,,
24-04-2022,39478.375,39845.92578,39233.53906,39469.29297,,
25-04-2022,39472.60547,40491.75391,38338.37891,40458.30859,,
26-04-2022,40448.42188,40713.89063,37884.98438,38117.46094,,
27-04-2022,38120.30078,39397.91797,37997.3125,39241.12109,,
28-04-2022,39241.42969,40269.46484,38941.42188,39773.82813,,
29-04-2022,39768.61719,39887.26953,38235.53516,38609.82422,,
30-04-2022,38605.85938,38771.21094,37697.94141,37714.875,,
01-05-2022,37713.26563,38627.85938,37585.78906,38469.09375,,
02-05-2022,38472.1875,39074.97266,38156.5625,38529.32813,,
03-05-2022,38528.10938,38629.99609,37585.62109,37750.45313,,
04-05-2022,37748.01172,39902.94922,37732.05859,39698.37109,,
05-05-2022,39695.74609,39789.28125,35856.51563,36575.14063,,
06-05-2022,36573.18359,36624.35938,35482.13281,36040.92188,,
07-05-2022,36042.50391,36129.92578,34940.82422,35501.95313,,
08-05-2022,35502.94141,35502.94141,33878.96484,34059.26563,,
09-05-2022,34060.01563,34222.07422,30296.95313,30296.95313,,
10-05-2022,30273.6543,32596.30859,29944.80273,31022.90625,,
11-05-2022,31016.18359,32013.40234,28170.41406,28936.35547,,
12-05-2022,28936.73438,30032.43945,26350.49023,29047.75195,,
13-05-2022,29030.91016,30924.80273,28782.33008,29283.10352,,
14-05-2022,29285.64258,30192.80273,28702.91016,30101.26563,,
15-05-2022,30098.58594,31308.19141,29527.74023,31305.11328,,
16-05-2022,31304.375,31305.3418,29251.88477,29862.91797,,
17-05-2022,29862.4082,30694.49023,29570.30273,30425.85742,,
18-05-2022,30424.47852,30618.7168,28720.27148,28720.27148,,
19-05-2022,28720.35938,30430.75195,28708.95508,30314.33398,,
20-05-2022,30311.11914,30664.97656,28793.60547,29200.74023,,
21-05-2022,29199.85938,29588.86914,29027.39453,29432.22656,,
22-05-2022,29432.47266,30425.86133,29275.18359,30323.72266,,
23-05-2022,30309.39648,30590.58594,28975.56055,29098.91016,,
24-05-2022,29101.125,29774.35547,28786.58984,29655.58594,,
25-05-2022,29653.13477,30157.78516,29384.94922,29562.36133,,
26-05-2022,29564.77734,29834.16016,28261.90625,29267.22461,,
27-05-2022,29251.14063,29346.94336,28326.61328,28627.57422,,
28-05-2022,28622.625,28814.90039,28554.56641,28814.90039,,
29-05-2022,29019.86719,29498.00977,28841.10742,29445.95703,,
30-05-2022,29443.36523,31949.63086,29303.57227,31726.39063,,
31-05-2022,31723.86523,32249.86328,31286.1543,31792.31055,,
01-06-2022,31792.55469,31957.28516,29501.58789,29799.08008,,
02-06-2022,29794.89063,30604.73438,29652.70508,30467.48828,,
03-06-2022,30467.80664,30633.03516,29375.68945,29704.39063,,
04-06-2022,29706.13867,29930.56445,29500.00586,29832.91406,,
05-06-2022,29835.11719,30117.74414,29574.44922,29906.66211,,
06-06-2022,29910.2832,31693.29102,29894.1875,31370.67188,,
07-06-2022,31371.74219,31489.68359,29311.68359,31155.47852,,
08-06-2022,31151.48047,31253.69141,29944.4043,30214.35547,,
09-06-2022,30215.2793,30609.31055,30020.26563,30111.99805,,
10-06-2022,30110.33008,30245.80859,28978.14648,29083.80469,,
11-06-2022,29084.66602,29401.91602,28236.21289,28360.81055,,
12-06-2022,28373.51367,28502.68555,26762.64844,26762.64844,,
13-06-2022,26737.57813,26795.58984,22141.25781,22487.38867,,
14-06-2022,22487.98633,23018.95117,20950.81836,22206.79297,,
15-06-2022,22196.73047,22642.67188,20178.37695,22572.83984,,
16-06-2022,22576.30469,22868.92188,20265.22656,20381.65039,,
17-06-2022,20385.71875,21243.3125,20326.51953,20471.48242,,
18-06-2022,20473.42578,20736.04102,17708.62305,19017.64258,,
19-06-2022,19010.90234,20683.82227,18067.15234,20553.27148,,
20-06-2022,20553.37109,20913.32227,19689.16992,20599.53711,,
21-06-2022,20594.29492,21620.62891,20415.0625,20710.59766,,
22-06-2022,20719.41406,20835.75,19848.07813,19987.0293,,
23-06-2022,19986.60742,21135.76172,19950.11719,21085.87695,,
24-06-2022,21084.64844,21472.91797,20777.51172,21231.65625,,
25-06-2022,21233.60938,21520.91406,20964.58594,21502.33789,,
26-06-2022,21496.49414,21783.72461,21016.26953,21027.29492,,
27-06-2022,21028.23828,21478.08984,20620.19922,20735.47852,,
28-06-2022,20731.54492,21164.42383,20228.8125,20280.63477,,
29-06-2022,20281.16992,20364.15625,19937.79102,20104.02344,,
30-06-2022,20108.3125,20141.16016,18729.65625,19784.72656,,
01-07-2022,19820.4707,20632.67188,19073.70898,19269.36719,,
02-07-2022,19274.83594,19371.74805,19027.08203,19242.25586,,
03-07-2022,19242.0957,19558.26953,18966.95117,19297.07617,,
04-07-2022,19297.31445,20258.74805,19063.06641,20231.26172,,
05-07-2022,20225.35352,20635.4668,19341.23242,20190.11523,,
06-07-2022,20194.61914,20595.5293,19823.51172,20548.24609,,
07-07-2022,20547.81445,21771.81641,20296.10352,21637.58789,,
08-07-2022,21637.1543,22314.94141,21257.45313,21731.11719,,
09-07-2022,21716.82813,21877.13867,21445.95703,21592.20703,,
10-07-2022,21591.08008,21591.08008,20727.12305,20860.44922,,
11-07-2022,20856.35352,20856.35352,19924.53906,19970.55664,,
12-07-2022,19970.47461,20043.44531,19308.53125,19323.91406,,
13-07-2022,19325.97266,20223.05273,18999.95313,20212.07422,,
14-07-2022,20211.4668,20789.89453,19689.25781,20569.91992,,
15-07-2022,20573.15625,21138.24414,20397,20836.32813,,
16-07-2022,20834.10352,21514.4043,20518.89844,21190.31641,,
17-07-2022,21195.04102,21600.64063,20778.17969,20779.34375,,
18-07-2022,20781.91211,22633.0332,20781.91211,22485.68945,,
19-07-2022,22467.84961,23666.96289,21683.40625,23389.43359,,
20-07-2022,23393.19141,24196.81836,23009.94922,23231.73242,,
21-07-2022,23233.20117,23388.32227,22431.14844,23164.62891,,
22-07-2022,23163.75195,23671.92773,22603.41602,22714.97852,,
23-07-2022,22706.98438,22977.21094,22002.91016,22465.47852,,
24-07-2022,22465.50977,22974.00195,22306.83984,22609.16406,,
25-07-2022,22607.15625,22649.12109,21361.64258,21361.70117,,
26-07-2022,21361.12109,21361.12109,20776.81641,21239.75391,,
27-07-2022,21244.16992,22986.5293,21070.80664,22930.54883,,
28-07-2022,22933.64063,24110.4707,22722.26563,23843.88672,,
29-07-2022,23845.21289,24294.78711,23481.17383,23804.63281,,
30-07-2022,23796.81836,24572.58008,23580.50781,23656.20703,,
31-07-2022,23652.07031,24121.64258,23275.70313,23336.89648,,
01-08-2022,23336.71875,23464.78711,22890.79688,23314.19922,,
02-08-2022,23308.43359,23415.04102,22710.08398,22978.11719,,
03-08-2022,22981.30273,23578.65039,22747.83594,22846.50781,,
04-08-2022,22848.21484,23198.00977,22485.70117,22630.95703,,
05-08-2022,22626.83398,23422.82813,22612.17773,23289.31445,,
06-08-2022,23291.42383,23326.5625,22961.2793,22961.2793,,
07-08-2022,22963.50586,23359.00977,22894.55664,23175.89063,,
08-08-2022,23179.52734,24203.68945,23176.54688,23809.48633,,
09-08-2022,23811.48438,23898.61523,22982,23164.31836,,
10-08-2022,23162.89844,24127.41406,22771.51953,23947.64258,,
11-08-2022,23948.3457,24822.62891,23900.99609,23957.5293,,
12-08-2022,23957.20313,24412.56641,23657.26563,24402.81836,,
13-08-2022,24402.1875,24860.05078,24346.11523,24424.06836,,
14-08-2022,24429.05664,24974.91406,24206.25977,24319.33398,,
15-08-2022,24318.31641,25135.58984,23839.77539,24136.97266,,
16-08-2022,24126.13672,24228.41602,23733.5,23883.29102,,
17-08-2022,23881.31641,24407.05859,23243.35352,23335.99805,,
18-08-2022,23341.03906,23563.83203,23177.60156,23212.73828,,
19-08-2022,23213.3125,23213.3125,20868.84766,20877.55273,,
20-08-2022,20872.8418,21350.80664,20856.73047,21166.06055,,
21-08-2022,21160.39258,21668.8457,21103.19727,21534.12109,,
22-08-2022,21531.46289,21531.46289,20939.18359,21398.9082,,
23-08-2022,21401.04492,21646.20313,20955.13867,21528.08789,,
24-08-2022,21526.45508,21783.07617,21195.00586,21395.01953,,
25-08-2022,21395.45898,21789.63672,21362.44141,21600.9043,,
26-08-2022,21596.08594,21804.9082,20199.48242,20260.01953,,
27-08-2022,20262.48047,20340.77539,19890.52344,20041.73828,,
28-08-2022,20041.03516,20139.05469,19616.81445,19616.81445,,
29-08-2022,19615.1543,20357.46289,19600.78516,20297.99414,,
30-08-2022,20298.61133,20542.64453,19617.64063,19796.80859,,
31-08-2022,19799.58203,20420.99023,19799.58203,20049.76367,,
01-09-2022,20050.49805,20198.39063,19653.96875,20127.14063,,
02-09-2022,20126.07227,20401.56836,19814.76563,19969.77148,,
03-09-2022,19969.71875,20037.00977,19698.35547,19832.08789,,
04-09-2022,19832.4707,19999.68945,19636.81641,19986.71289,,
05-09-2022,19988.78906,20031.16016,19673.04688,19812.37109,,
06-09-2022,19817.72461,20155.26953,18800.17188,18837.66797,,
07-09-2022,18837.68359,19427.17188,18644.4668,19290.32422,,
08-09-2022,19289.94141,19417.35156,19076.71484,19329.83398,,
09-09-2022,19328.14063,21439.41016,19310.96289,21381.15234,,
10-09-2022,21376.91211,21760.27539,21168.72266,21680.53906,,
11-09-2022,21678.54297,21770.55273,21406.94531,21769.25586,,
12-09-2022,21770.14844,22439.18164,21603.89648,22370.44922,,
13-09-2022,22371.48047,22673.82031,20062.66992,20296.70703,,
14-09-2022,20184.55469,20467.20117,19793.39648,20241.08984,,
15-09-2022,20242.28906,20318.16602,19636.73438,19701.21094,,
16-09-2022,19704.00586,19870.62891,19400.07617,19772.58398,,
17-09-2022,19777.0332,20162.53125,19777.0332,20127.57617,,
18-09-2022,20127.23438,20127.23438,19387.49219,19419.50586,,
19-09-2022,19418.57227,19639.48047,18390.31836,19544.12891,,
20-09-2022,19545.5918,19602.45703,18813.45508,18890.78906,,
21-09-2022,18891.2832,19674.63086,18290.31445,18547.40039,,
22-09-2022,18534.65039,19456.91016,18415.5918,19413.55078,,
23-09-2022,19412.40039,19464.67188,18617.55273,19297.63867,,
24-09-2022,19296.99023,19310.19727,18861.97461,18937.01172,,
25-09-2022,18936.31055,19134.73242,18696.46875,18802.09766,,
26-09-2022,18803.90039,19274.87305,18721.28516,19222.67188,,
27-09-2022,19221.83984,20338.45508,18915.66797,19110.54688,,
28-09-2022,19104.62109,19688.34375,18553.29688,19426.7207,,
29-09-2022,19427.7793,19589.26563,18924.35352,19573.05078,,
30-09-2022,19573.43164,20109.84961,19265.66211,19431.78906,,
01-10-2022,19431.10547,19471.1543,19231.08203,19312.0957,,
02-10-2022,19311.84961,19370.30859,18970.62109,19044.10742,,
03-10-2022,19044.06836,19653.54297,19025.22656,19623.58008,,
04-10-2022,19623.58398,20380.34375,19523.83984,20336.84375,,
05-10-2022,20335.90039,20343.74805,19801.80078,20160.7168,,
06-10-2022,20161.03906,20408.39258,19900.08789,19955.44336,,
07-10-2022,19957.55859,20041.08594,19395.79297,19546.84961,,
08-10-2022,19546.32813,19601.69531,19299.41406,19416.56836,,
09-10-2022,19417.47852,19542.53906,19349.25977,19446.42578,,
10-10-2022,19446.41602,19515.4668,19102.97852,19141.48438,,
11-10-2022,19139,19241.96094,18925.60352,19051.41797,,
12-10-2022,19052.64648,19203.19922,19029.75781,19157.44531,,
13-10-2022,19156.9668,19453.32813,18319.82227,19382.9043,,
14-10-2022,19382.5332,19889.14648,19115.4082,19185.65625,,
15-10-2022,19185.4375,19212.54102,19019.25,19067.63477,,
16-10-2022,19068.91406,19389.60352,19068.91406,19268.09375,,
17-10-2022,19268.5625,19635.80273,19173.33398,19550.75781,,
18-10-2022,19550.4668,19666.99414,19144.76953,19334.41602,,
19-10-2022,19335.02734,19348.41602,19127.6875,19139.53516,,
20-10-2022,19138.08594,19315.19922,18971.45898,19053.74023,,
21-10-2022,19053.20313,19237.38477,18770.9707,19172.46875,,
22-10-2022,19172.38086,19248.06836,19132.24414,19208.18945,,
23-10-2022,19207.73438,19646.65234,19124.19727,19567.00781,,
24-10-2022,19567.76953,19589.125,19206.32422,19345.57227,,
25-10-2022,19344.96484,20348.41211,19261.44727,20095.85742,,
26-10-2022,20092.23633,20938.13477,20076.11719,20770.44141,,
27-10-2022,20772.80273,20854.04492,20255.37305,20285.83594,,
28-10-2022,20287.95703,20724.98047,20086.06836,20595.35156,,
29-10-2022,20595.10352,20988.39453,20566.48438,20818.47656,,
30-10-2022,20817.98242,20917.00586,20547.46289,20635.60352,,
31-10-2022,20633.69531,20795.32031,20287.45898,20495.77344,,
01-11-2022,20494.89844,20647.28906,20359.8457,20485.27344,,
02-11-2022,20482.95898,20742.81055,20087.13477,20159.50391,,
03-11-2022,20162.68945,20382.0957,20086.24023,20209.98828,,
04-11-2022,20208.76953,21209.56055,20188.01953,21147.23047,,
05-11-2022,21144.83203,21446.88672,21097.63477,21282.69141,,
06-11-2022,21285.05664,21345.37695,20920.19141,20926.48633,,
07-11-2022,20924.62109,21053.24609,20489.97266,20602.81641,,
08-11-2022,20600.67188,20664.60742,17603.54492,18541.27148,,
09-11-2022,18543.76172,18590.45898,15682.69238,15880.78027,,
10-11-2022,15883.1582,18054.3125,15834.01855,17586.77148,,
11-11-2022,17583.25195,17650.94336,16543.48242,17034.29297,,
12-11-2022,17036.875,17066.67578,16651.77539,16799.18555,,
13-11-2022,16799.72266,16920.76563,16320.63477,16353.36523,,
14-11-2022,16352.02832,17109.32422,15872.94141,16618.19922,,
15-11-2022,16617.48438,17051.96289,16542.55078,16884.61328,,
16-11-2022,16884.3418,16960.29492,16430.11133,16669.43945,,
17-11-2022,16670.42578,16726.43945,16460.68359,16687.51758,,
18-11-2022,16687.91211,16947.05859,16564.61133,16697.77734,,
19-11-2022,16696.2207,16797.87695,16570.41016,16711.54688,,
20-11-2022,16712.91992,16746.7793,16248.69238,16291.83203,,
21-11-2022,16291.22363,16291.22363,15599.04688,15787.28418,,
22-11-2022,15782.30078,16253.04785,15656.60645,16189.76953,,
23-11-2022,16195.58887,16638.19336,16170.50293,16610.70703,,
24-11-2022,16611.63672,16771.47461,16501.76758,16604.46484,,
25-11-2022,16602.26953,16603.31641,16388.4043,16521.8418,,
26-11-2022,16521.57617,16666.86328,16416.22852,16464.28125,,
27-11-2022,16463.88281,16594.40625,16437.02539,16444.62695,,
28-11-2022,16440.22266,16482.93359,16054.53027,16217.32227,,
29-11-2022,16217.63965,16522.25781,16139.39648,16444.98242,,
30-11-2022,16445.47656,17190.9375,16445.47656,17168.56641,,
01-12-2022,17168.00195,17197.49805,16888.38867,16967.13281,,
02-12-2022,16968.68359,17088.66016,16877.88086,17088.66016,,
03-12-2022,17090.09766,17116.04102,16888.14063,16908.23633,,
04-12-2022,16908.16992,17157.76758,16903.43945,17130.48633,,
05-12-2022,17128.89453,17378.15234,16922.43164,16974.82617,,
06-12-2022,16975.23828,17091.86328,16939.92188,17089.50391,,
07-12-2022,17089.50586,17109.37695,16750.55859,16848.12695,,
08-12-2022,16847.34961,17267.91602,16788.7832,17233.47461,,
09-12-2022,17232.14844,17280.54688,17100.83594,17133.15234,,
10-12-2022,17134.2207,17216.82617,17120.68359,17128.72461,,
11-12-2022,17129.71094,17245.63477,17091.82031,17104.19336,,
12-12-2022,17102.5,17212.56445,16899.39453,17206.4375,,
13-12-2022,17206.44141,17930.08594,17111.76367,17781.31836,,
14-12-2022,17782.06641,18318.53125,17739.51367,17815.65039,,
15-12-2022,17813.64453,17846.74414,17322.58984,17364.86523,,
16-12-2022,17364.54688,17505.52539,16584.70117,16647.48438,,
17-12-2022,16646.98242,16800.58984,16614.0293,16795.0918,,
18-12-2022,16795.60938,16815.38672,16697.82031,16757.97656,,
19-12-2022,16759.04102,16807.52734,16398.13672,16439.67969,,
20-12-2022,16441.78711,17012.98438,16427.86719,16906.30469,,
21-12-2022,16904.52734,16916.80078,16755.91211,16817.53516,,
22-12-2022,16818.38086,16866.67383,16592.4082,16830.3418,,
23-12-2022,16829.64453,16905.21875,16794.45898,16796.95313,,
24-12-2022,16796.97656,16864.70313,16793.52734,16847.75586,,
25-12-2022,16847.50586,16860.55469,16755.25391,16841.98633,,
26-12-2022,16842.25,16920.12305,16812.36914,16919.80469,,
27-12-2022,16919.29102,16959.8457,16642.07227,16717.17383,,
28-12-2022,16716.40039,16768.16992,16497.55664,16552.57227,,
29-12-2022,16552.32227,16651.75586,16508.68359,16642.3418,,
30-12-2022,16641.33008,16643.42773,16408.47461,16602.58594,,
31-12-2022,16603.67383,16628.98633,16517.51953,16547.49609,,
01-01-2023,16547.91406,16630.43945,16521.23438,16625.08008,,
02-01-2023,16625.50977,16759.34375,16572.22852,16688.4707,,
03-01-2023,16688.84766,16760.44727,16622.37109,16679.85742,,
04-01-2023,16680.20508,16964.58594,16667.76367,16863.23828,,
05-01-2023,16863.47266,16884.02148,16790.2832,16836.73633,,
06-01-2023,16836.47266,16991.99414,16716.42188,16951.96875,,
07-01-2023,16952.11719,16975.01758,16914.19141,16955.07813,,
08-01-2023,16954.14648,17091.14453,16924.05078,17091.14453,,
09-01-2023,17093.99219,17389.95703,17093.99219,17196.55469,,
10-01-2023,17192.94922,17484.7207,17162.99023,17446.29297,,
11-01-2023,17446.35938,17934.89648,17337.99414,17934.89648,,
12-01-2023,18117.59375,19030.08789,17995.20313,18869.58789,,
13-01-2023,18868.90625,19964.32227,18753.16406,19909.57422,,
14-01-2023,19910.53711,21075.14258,19907.82813,20976.29883,,
15-01-2023,20977.48438,20993.74805,20606.98633,20880.79883,,
16-01-2023,20882.22461,21360.875,20715.74609,21169.63281,,
17-01-2023,21175.83398,21438.66016,20978.5332,21161.51953,,
18-01-2023,21161.05078,21564.50195,20541.54492,20688.78125,,
19-01-2023,20686.74609,21163.01172,20685.38086,21086.79297,,
20-01-2023,21085.37305,22692.35742,20919.12695,22676.55273,,
21-01-2023,22677.42773,23282.34766,22511.83398,22777.625,,
22-01-2023,22777.98633,23056.73047,22387.90039,22720.41602,,
23-01-2023,22721.08789,23126.48633,22654.30469,22934.43164,,
24-01-2023,22929.62695,23134.01172,22549.74414,22636.46875,,
25-01-2023,22639.26758,23722.09961,22406.07617,23117.85938,,
26-01-2023,23108.95508,23237.07813,22911.37305,23032.77734,,
27-01-2023,23030.7168,23417.7207,22654.59375,23078.72852,,
28-01-2023,23079.96484,23165.89648,22908.8457,23031.08984,,
29-01-2023,23031.44922,23919.89063,22985.07031,23774.56641,,
30-01-2023,23774.64844,23789.34766,22657.58203,22840.13867,,
31-01-2023,22840.79688,23225.02148,22765.56836,23139.2832,,
01-02-2023,23137.83594,23764.53906,22877.75,23723.76953,,
02-02-2023,23720.82422,24167.21094,23468.5957,23471.87109,,
03-02-2023,23469.41211,23678.10352,23279.95508,23449.32227,,
04-02-2023,23446.32031,23556.94922,23291.79492,23331.84766,,
05-02-2023,23332.24805,23423.43555,22841.75977,22955.66602,,
06-02-2023,22954.02148,23119.2793,22692.02539,22760.10938,,
07-02-2023,22757.26758,23310.97461,22756.25781,23264.29102,,
08-02-2023,23263.41602,23367.95898,22731.09766,22939.39844,,
09-02-2023,22946.56641,22996.4375,21773.97461,21819.03906,,
10-02-2023,21819.00586,21941.18555,21539.39258,21651.18359,,
11-02-2023,21651.8418,21891.41016,21618.44922,21870.875,,
12-02-2023,21870.90234,22060.99414,21682.82813,21788.20313,,
13-02-2023,21787,21898.41406,21460.08789,21808.10156,,
14-02-2023,21801.82227,22293.14063,21632.39453,22220.80469,,
15-02-2023,22220.58594,24307.8418,22082.76953,24307.8418,,
16-02-2023,24307.34961,25134.11719,23602.52344,23623.47461,,
17-02-2023,23621.2832,24924.04102,23460.75586,24565.60156,,
18-02-2023,24565.29688,24798.83594,24468.37305,24641.27734,,
19-02-2023,24640.02734,25093.05469,24327.64258,24327.64258,,
20-02-2023,24336.62305,25020.45898,23927.91016,24829.14844,,
21-02-2023,24833.04883,25126.85156,24200.36328,24436.35352,,
22-02-2023,24437.41797,24472.33984,23644.31836,24188.84375,,
23-02-2023,24190.71875,24572.08984,23693.91992,23947.49219,,
24-02-2023,23946.00781,24103.70508,23007.07227,23198.12695,,
25-02-2023,23200.125,23210.21094,22861.55859,23175.375,,
26-02-2023,23174.15039,23654.36719,23084.2207,23561.21289,,
27-02-2023,23561.45117,23857.89063,23205.87891,23522.87109,,
28-02-2023,23521.83789,23585.38477,23077.65039,23147.35352,,
01-03-2023,23150.92969,23880.63281,23088.62695,23646.55078,,
