Date,Open,High,Low,Close
01-OCT-21,43816.7421875,48436.01171875,43320.0234375,48116.94140625
02-OCT-21,48137.46875,48282.0625,47465.49609375,47711.48828125
03-OCT-21,47680.02734375,49130.69140625,47157.2890625,48199.953125
04-OCT-21,48208.90625,49456.77734375,47045.00390625,49112.90234375
05-OCT-21,49174.9609375,51839.984375,49072.83984375,51514.8125
06-OCT-21,51486.6640625,55568.46484375,50488.19140625,55361.44921875
07-OCT-21,55338.625,55338.625,53525.46875,53805.984375
08-OCT-21,53802.14453125,55922.98046875,53688.0546875,53967.84765625
09-OCT-21,53929.78125,55397.9453125,53735.14453125,54968.22265625
10-OCT-21,54952.8203125,56401.3046875,54264.2578125,54771.578125
11-OCT-21,54734.125,57793.0390625,54519.765625,57484.7890625
12-OCT-21,57526.83203125,57627.87890625,54477.97265625,56041.05859375
13-OCT-21,56038.2578125,57688.66015625,54370.97265625,57401.09765625
14-OCT-21,57372.83203125,58478.734375,56957.07421875,57321.5234375
15-OCT-21,57345.90234375,62757.12890625,56868.14453125,61593.94921875
16-OCT-21,61609.52734375,62274.4765625,60206.12109375,60892.1796875
17-OCT-21,60887.65234375,61645.5234375,59164.46875,61553.6171875
18-OCT-21,61548.8046875,62614.66015625,60012.7578125,62026.078125
19-OCT-21,62043.1640625,64434.53515625,61622.93359375,64261.9921875
20-OCT-21,64284.5859375,66930.390625,63610.67578125,65992.8359375
21-OCT-21,66002.234375,66600.546875,62117.41015625,62210.171875
22-OCT-21,62237.890625,63715.0234375,60122.796875,60692.265625
23-OCT-21,60694.62890625,61743.87890625,59826.5234375,61393.6171875
24-OCT-21,61368.34375,61505.8046875,59643.34375,60930.8359375
25-OCT-21,60893.92578125,63729.32421875,60691.80078125,63039.82421875
26-OCT-21,63032.76171875,63229.02734375,59991.16015625,60363.79296875
27-OCT-21,60352.0,61435.18359375,58208.1875,58482.38671875
28-OCT-21,58470.73046875,62128.6328125,58206.91796875,60622.13671875
29-OCT-21,60624.87109375,62927.609375,60329.96484375,62227.96484375
30-OCT-21,62239.36328125,62330.14453125,60918.38671875,61888.83203125
31-OCT-21,61850.48828125,62406.171875,60074.328125,61318.95703125
01-NOV-21,61320.44921875,62419.00390625,59695.18359375,61004.40625
02-NOV-21,60963.25390625,64242.79296875,60673.0546875,63226.40234375
03-NOV-21,63254.3359375,63516.9375,61184.23828125,62970.046875
04-NOV-21,62941.8046875,63123.2890625,60799.6640625,61452.23046875
05-NOV-21,61460.078125,62541.46875,60844.609375,61125.67578125
06-NOV-21,61068.875,61590.68359375,60163.78125,61527.48046875
07-NOV-21,61554.921875,63326.98828125,61432.48828125,63326.98828125
08-NOV-21,63344.06640625,67673.7421875,63344.06640625,67566.828125
09-NOV-21,67549.734375,68530.3359375,66382.0625,66971.828125
10-NOV-21,66953.3359375,68789.625,63208.11328125,64995.23046875
11-NOV-21,64978.890625,65579.015625,64180.48828125,64949.9609375
12-NOV-21,64863.98046875,65460.81640625,62333.9140625,64155.94140625
13-NOV-21,64158.12109375,64915.67578125,63303.734375,64469.52734375
14-NOV-21,64455.37109375,65495.1796875,63647.80859375,65466.83984375
15-NOV-21,65521.2890625,66281.5703125,63548.14453125,63557.87109375
16-NOV-21,63721.1953125,63721.1953125,59016.3359375,60161.24609375
17-NOV-21,60139.62109375,60823.609375,58515.41015625,60368.01171875
18-NOV-21,60360.13671875,60948.5,56550.79296875,56942.13671875
19-NOV-21,56896.12890625,58351.11328125,55705.1796875,58119.578125
20-NOV-21,58115.08203125,59859.87890625,57469.7265625,59697.1953125
21-NOV-21,59730.5078125,60004.42578125,58618.9296875,58730.4765625
22-NOV-21,58706.84765625,59266.359375,55679.83984375,56289.2890625
23-NOV-21,56304.5546875,57875.515625,55632.76171875,57569.07421875
24-NOV-21,57565.8515625,57803.06640625,55964.22265625,56280.42578125
25-NOV-21,57165.41796875,59367.96875,57146.68359375,57274.6796875
26-NOV-21,58960.28515625,59183.48046875,53569.765625,53569.765625
27-NOV-21,53736.4296875,55329.2578125,53668.35546875,54815.078125
28-NOV-21,54813.0234375,57393.84375,53576.734375,57248.45703125
29-NOV-21,57291.90625,58872.87890625,56792.52734375,57806.56640625
30-NOV-21,57830.11328125,59113.40234375,56057.28125,57005.42578125
01-DEC-21,56907.96484375,59041.68359375,56553.08203125,57229.828125
02-DEC-21,57217.37109375,57349.234375,55895.1328125,56477.81640625
03-DEC-21,56509.1640625,57482.16796875,52496.5859375,53598.24609375
04-DEC-21,53727.87890625,53904.6796875,42874.6171875,49200.703125
05-DEC-21,49201.51953125,49768.1484375,47857.49609375,49368.84765625
06-DEC-21,49413.48046875,50929.51953125,47281.03515625,50582.625
07-DEC-21,50581.828125,51934.78125,50175.80859375,50700.0859375
08-DEC-21,50667.6484375,51171.375,48765.98828125,50504.796875
09-DEC-21,50450.08203125,50797.1640625,47358.3515625,47672.12109375
10-DEC-21,47642.14453125,50015.25390625,47023.69921875,47243.3046875
11-DEC-21,47264.6328125,49458.2109375,46942.34765625,49362.5078125
12-DEC-21,49354.85546875,50724.8671875,48725.8515625,50098.3359375
13-DEC-21,50114.7421875,50205.0,45894.84765625,46737.48046875
14-DEC-21,46709.82421875,48431.3984375,46424.49609375,46612.6328125
15-DEC-21,48379.75390625,49473.95703125,46671.96484375,48896.72265625
16-DEC-21,48900.46484375,49425.57421875,47529.87890625,47665.42578125
17-DEC-21,47653.73046875,48004.89453125,45618.21484375,46202.14453125
18-DEC-21,46219.25390625,47313.828125,45598.44140625,46848.77734375
19-DEC-21,46853.8671875,48089.6640625,46502.953125,46707.015625
20-DEC-21,46707.0625,47401.71875,45579.80859375,46880.27734375
21-DEC-21,46886.078125,49300.91796875,46698.7734375,48936.61328125
22-DEC-21,48937.09765625,49544.796875,48450.94140625,48628.51171875
23-DEC-21,48626.34375,51332.33984375,48065.8359375,50784.5390625
24-DEC-21,50806.05078125,51814.02734375,50514.49609375,50822.1953125
25-DEC-21,50854.91796875,51176.59765625,50236.70703125,50429.859375
26-DEC-21,50428.69140625,51196.37890625,49623.10546875,50809.515625
27-DEC-21,50802.609375,51956.328125,50499.46875,50640.41796875
28-DEC-21,50679.859375,50679.859375,47414.2109375,47588.85546875
29-DEC-21,47623.87109375,48119.7421875,46201.49609375,46444.7109375
30-DEC-21,46490.60546875,47879.96484375,46060.3125,47178.125
31-DEC-21,47169.37109375,48472.52734375,45819.953125,46306.4453125
01-JAN-22,46311.74609375,47827.3125,46288.484375,47686.8125
02-JAN-22,47680.92578125,47881.40625,46856.9375,47345.21875
03-JAN-22,47343.54296875,47510.7265625,45835.96484375,46458.1171875
04-JAN-22,46458.8515625,47406.546875,45752.46484375,45897.57421875
05-JAN-22,45899.359375,46929.046875,42798.22265625,43569.00390625
06-JAN-22,43565.51171875,43748.71875,42645.5390625,43160.9296875
07-JAN-22,43153.5703125,43153.5703125,41077.4453125,41557.90234375
08-JAN-22,41561.46484375,42228.94140625,40672.27734375,41733.94140625
09-JAN-22,41734.7265625,42663.94921875,41338.16015625,41911.6015625
10-JAN-22,41910.23046875,42199.484375,39796.5703125,41821.26171875
11-JAN-22,41819.5078125,43001.15625,41407.75390625,42735.85546875
12-JAN-22,42742.1796875,44135.3671875,42528.98828125,43949.1015625
13-JAN-22,43946.7421875,44278.421875,42447.04296875,42591.5703125
14-JAN-22,42598.87109375,43346.6875,41982.6171875,43099.69921875
15-JAN-22,43101.8984375,43724.671875,42669.03515625,43177.3984375
16-JAN-22,43172.0390625,43436.80859375,42691.0234375,43113.87890625
17-JAN-22,43118.12109375,43179.390625,41680.3203125,42250.55078125
18-JAN-22,42250.07421875,42534.40234375,41392.21484375,42375.6328125
19-JAN-22,42374.0390625,42478.3046875,41242.9140625,41744.328125
20-JAN-22,41744.02734375,43413.0234375,40672.82421875,40680.41796875
21-JAN-22,40699.60546875,41060.52734375,35791.42578125,36457.31640625
22-JAN-22,36471.58984375,36688.8125,34349.25,35030.25
23-JAN-22,35047.359375,36433.3125,34784.96875,36276.8046875
24-JAN-22,36275.734375,37247.51953125,33184.05859375,36654.328125
25-JAN-22,36654.8046875,37444.5703125,35779.4296875,36954.00390625
26-JAN-22,36950.515625,38825.41015625,36374.90625,36852.12109375
27-JAN-22,36841.87890625,37148.32421875,35629.28125,37138.234375
28-JAN-22,37128.4453125,37952.87890625,36211.109375,37784.33203125
29-JAN-22,37780.71484375,38576.26171875,37406.47265625,38138.1796875
30-JAN-22,38151.91796875,38266.33984375,37437.7109375,37917.6015625
31-JAN-22,37920.28125,38647.26171875,36733.57421875,38483.125
01-FEB-22,38481.765625,39115.1328125,38113.6640625,38743.2734375
02-FEB-22,38743.71484375,38834.6171875,36832.73046875,36952.984375
03-FEB-22,36944.8046875,37154.6015625,36375.5390625,37154.6015625
04-FEB-22,37149.265625,41527.78515625,37093.62890625,41500.875
05-FEB-22,41501.48046875,41847.1640625,41038.09765625,41441.1640625
06-FEB-22,41441.12109375,42500.78515625,41244.90625,42412.43359375
07-FEB-22,42406.78125,44401.86328125,41748.15625,43840.28515625
08-FEB-22,43854.65234375,45293.8671875,42807.8359375,44118.4453125
09-FEB-22,44096.703125,44727.80078125,43232.96875,44338.796875
10-FEB-22,44347.80078125,45661.171875,43402.80859375,43565.11328125
11-FEB-22,43571.12890625,43810.83203125,42114.5390625,42407.9375
12-FEB-22,42412.30078125,42992.55078125,41852.57421875,42244.46875
13-FEB-22,42236.56640625,42693.0546875,41950.94140625,42197.515625
14-FEB-22,42157.3984375,42775.77734375,41681.95703125,42586.91796875
15-FEB-22,42586.46484375,44667.21875,42491.03515625,44575.203125
16-FEB-22,44578.27734375,44578.27734375,43456.69140625,43961.859375
17-FEB-22,43937.0703125,44132.97265625,40249.37109375,40538.01171875
18-FEB-22,40552.1328125,40929.15234375,39637.6171875,40030.9765625
19-FEB-22,40026.0234375,40418.87890625,39713.05859375,40122.15625
20-FEB-22,40118.1015625,40119.890625,38112.8125,38431.37890625
21-FEB-22,38423.2109375,39394.4375,36950.4765625,37075.28125
22-FEB-22,37068.76953125,38359.85546875,36488.93359375,38286.02734375
23-FEB-22,38285.28125,39122.39453125,37201.81640625,37296.5703125
24-FEB-22,37278.56640625,38968.83984375,34459.21875,38332.609375
25-FEB-22,38333.74609375,39630.32421875,38111.34375,39214.21875
26-FEB-22,39213.08203125,40005.34765625,38702.53515625,39105.1484375
27-FEB-22,39098.69921875,39778.94140625,37268.9765625,37709.78515625
28-FEB-22,37706.0,43760.45703125,37518.21484375,43193.234375
01-MAR-22,43194.50390625,44793.6015625,42952.5859375,44354.63671875
02-MAR-22,44357.6171875,45077.578125,43432.8515625,43924.1171875
03-MAR-22,43925.1953125,44021.578125,41914.75,42451.7890625
04-MAR-22,42458.140625,42479.61328125,38805.84765625,39137.60546875
05-MAR-22,39148.44921875,39566.3359375,38777.03515625,39400.5859375
06-MAR-22,39404.19921875,39640.17578125,38211.6484375,38419.984375
07-MAR-22,38429.3046875,39430.2265625,37260.203125,38062.0390625
08-MAR-22,38059.90234375,39304.44140625,37957.38671875,38737.26953125
09-MAR-22,38742.81640625,42465.671875,38706.09375,41982.92578125
10-MAR-22,41974.0703125,42004.7265625,38832.94140625,39437.4609375
11-MAR-22,39439.96875,40081.6796875,38347.43359375,38794.97265625
12-MAR-22,38794.46484375,39308.59765625,38772.53515625,38904.01171875
13-MAR-22,38884.7265625,39209.3515625,37728.14453125,37849.6640625
14-MAR-22,37846.31640625,39742.5,37680.734375,39666.75390625
15-MAR-22,39664.25,39794.62890625,38310.2109375,39338.78515625
16-MAR-22,39335.5703125,41465.453125,39022.34765625,41143.9296875
17-MAR-22,41140.84375,41287.53515625,40662.87109375,40951.37890625
18-MAR-22,40944.83984375,42195.74609375,40302.3984375,41801.15625
19-MAR-22,41794.6484375,42316.5546875,41602.66796875,42190.65234375
20-MAR-22,42191.40625,42241.1640625,41004.7578125,41247.82421875
21-MAR-22,41246.1328125,41454.41015625,40668.04296875,41077.99609375
22-MAR-22,41074.10546875,43124.70703125,40948.28125,42358.80859375
23-MAR-22,42364.37890625,42893.5078125,41877.5078125,42892.95703125
24-MAR-22,42886.65234375,44131.85546875,42726.1640625,43960.93359375
25-MAR-22,43964.546875,44999.4921875,43706.28515625,44348.73046875
26-MAR-22,44349.859375,44735.99609375,44166.2734375,44500.828125
27-MAR-22,44505.35546875,46827.546875,44437.29296875,46820.4921875
28-MAR-22,46821.8515625,48086.8359375,46690.203125,47128.00390625
29-MAR-22,47100.4375,48022.2890625,47100.4375,47465.73046875
30-MAR-22,47456.8984375,47655.1484375,46746.2109375,47062.6640625
31-MAR-22,47062.1484375,47512.02734375,45390.5390625,45538.67578125
01-APR-22,45554.1640625,46616.2421875,44403.140625,46281.64453125
02-APR-22,46285.5,47028.28125,45782.51171875,45868.94921875
03-APR-22,45859.12890625,47313.4765625,45634.10546875,46453.56640625
04-APR-22,46445.2734375,46791.08984375,45235.81640625,46622.67578125
05-APR-22,46624.5078125,47106.140625,45544.80859375,45555.9921875
06-APR-22,45544.35546875,45544.35546875,43193.953125,43206.73828125
07-APR-22,43207.5,43860.69921875,42899.90625,43503.84765625
08-APR-22,43505.13671875,43903.01953125,42183.2890625,42287.6640625
09-APR-22,42282.078125,42786.81640625,42183.25390625,42782.13671875
10-APR-22,42781.08984375,43376.37890625,42021.20703125,42207.671875
11-APR-22,42201.0390625,42424.58984375,39373.05859375,39521.90234375
12-APR-22,39533.71484375,40617.5859375,39388.328125,40127.18359375
13-APR-22,40123.5703125,41430.0546875,39712.74609375,41166.73046875
14-APR-22,41160.21875,41451.48046875,39695.74609375,39935.515625
15-APR-22,39939.40234375,40617.72265625,39866.83203125,40553.46484375
16-APR-22,40552.31640625,40633.6796875,40078.42578125,40424.484375
17-APR-22,40417.77734375,40570.7265625,39620.89453125,39716.953125
18-APR-22,39721.203125,40986.3203125,38696.19140625,40826.21484375
19-APR-22,40828.17578125,41672.9609375,40618.6328125,41502.75
20-APR-22,41501.74609375,42126.30078125,40961.09765625,41374.37890625
21-APR-22,41371.515625,42893.58203125,40063.828125,40527.36328125
22-APR-22,40525.86328125,40777.7578125,39315.41796875,39740.3203125
23-APR-22,39738.72265625,39935.859375,39352.203125,39486.73046875
24-APR-22,39478.375,39845.92578125,39233.5390625,39469.29296875
25-APR-22,39472.60546875,40491.75390625,38338.37890625,40458.30859375
26-APR-22,40448.421875,40713.890625,37884.984375,38117.4609375
27-APR-22,38120.30078125,39397.91796875,37997.3125,39241.12109375
28-APR-22,39241.4296875,40269.46484375,38941.421875,39773.828125
29-APR-22,39768.6171875,39887.26953125,38235.53515625,38609.82421875
30-APR-22,38605.859375,38771.2109375,37697.94140625,37714.875
01-MAY-22,37713.265625,38627.859375,37585.7890625,38469.09375
02-MAY-22,38472.1875,39074.97265625,38156.5625,38529.328125
03-MAY-22,38528.109375,38629.99609375,37585.62109375,37750.453125
04-MAY-22,37748.01171875,39902.94921875,37732.05859375,39698.37109375
05-MAY-22,39695.74609375,39789.28125,35856.515625,36575.140625
06-MAY-22,36573.18359375,36624.359375,35482.1328125,36040.921875
07-MAY-22,36042.50390625,36129.92578125,34940.82421875,35501.953125
08-MAY-22,35502.94140625,35502.94140625,33878.96484375,34059.265625
09-MAY-22,34060.015625,34222.07421875,30296.953125,30296.953125
10-MAY-22,30273.654296875,32596.30859375,29944.802734375,31022.90625
11-MAY-22,31016.18359375,32013.40234375,28170.4140625,28936.35546875
12-MAY-22,28936.734375,30032.439453125,26350.490234375,29047.751953125
13-MAY-22,29030.91015625,30924.802734375,28782.330078125,29283.103515625
14-MAY-22,29285.642578125,30192.802734375,28702.91015625,30101.265625
15-MAY-22,30098.5859375,31308.19140625,29527.740234375,31305.11328125
16-MAY-22,31304.375,31305.341796875,29251.884765625,29862.91796875
17-MAY-22,29862.408203125,30694.490234375,29570.302734375,30425.857421875
18-MAY-22,30424.478515625,30618.716796875,28720.271484375,28720.271484375
19-MAY-22,28720.359375,30430.751953125,28708.955078125,30314.333984375
20-MAY-22,30311.119140625,30664.9765625,28793.60546875,29200.740234375
21-MAY-22,29199.859375,29588.869140625,29027.39453125,29432.2265625
22-MAY-22,29432.47265625,30425.861328125,29275.18359375,30323.72265625
23-MAY-22,30309.396484375,30590.5859375,28975.560546875,29098.91015625
24-MAY-22,29101.125,29774.35546875,28786.58984375,29655.5859375
25-MAY-22,29653.134765625,30157.78515625,29384.94921875,29562.361328125
26-MAY-22,29564.77734375,29834.16015625,28261.90625,29267.224609375
27-MAY-22,29251.140625,29346.943359375,28326.61328125,28627.57421875
28-MAY-22,28622.625,28814.900390625,28554.56640625,28814.900390625
29-MAY-22,29019.8671875,29498.009765625,28841.107421875,29445.95703125
30-MAY-22,29443.365234375,31949.630859375,29303.572265625,31726.390625
31-MAY-22,31723.865234375,32249.86328125,31286.154296875,31792.310546875
01-JUN-22,31792.5546875,31957.28515625,29501.587890625,29799.080078125
02-JUN-22,29794.890625,30604.734375,29652.705078125,30467.48828125
03-JUN-22,30467.806640625,30633.03515625,29375.689453125,29704.390625
04-JUN-22,29706.138671875,29930.564453125,29500.005859375,29832.9140625
05-JUN-22,29835.1171875,30117.744140625,29574.44921875,29906.662109375
06-JUN-22,29910.283203125,31693.291015625,29894.1875,31370.671875
07-JUN-22,31371.7421875,31489.68359375,29311.68359375,31155.478515625
08-JUN-22,31151.48046875,31253.69140625,29944.404296875,30214.35546875
09-JUN-22,30215.279296875,30609.310546875,30020.265625,30111.998046875
10-JUN-22,30110.330078125,30245.80859375,28978.146484375,29083.8046875
11-JUN-22,29084.666015625,29401.916015625,28236.212890625,28360.810546875
12-JUN-22,28373.513671875,28502.685546875,26762.6484375,26762.6484375
13-JUN-22,26737.578125,26795.58984375,22141.2578125,22487.388671875
14-JUN-22,22487.986328125,23018.951171875,20950.818359375,22206.79296875
15-JUN-22,22196.73046875,22642.671875,20178.376953125,22572.83984375
16-JUN-22,22576.3046875,22868.921875,20265.2265625,20381.650390625
17-JUN-22,20385.71875,21243.3125,20326.51953125,20471.482421875
18-JUN-22,20473.42578125,20736.041015625,17708.623046875,19017.642578125
19-JUN-22,19010.90234375,20683.822265625,18067.15234375,20553.271484375
20-JUN-22,20553.37109375,20913.322265625,19689.169921875,20599.537109375
21-JUN-22,20594.294921875,21620.62890625,20415.0625,20710.59765625
22-JUN-22,20719.4140625,20835.75,19848.078125,19987.029296875
23-JUN-22,19986.607421875,21135.76171875,19950.1171875,21085.876953125
24-JUN-22,21084.6484375,21472.91796875,20777.51171875,21231.65625
25-JUN-22,21233.609375,21520.9140625,20964.5859375,21502.337890625
26-JUN-22,21496.494140625,21783.724609375,21016.26953125,21027.294921875
27-JUN-22,21028.23828125,21478.08984375,20620.19921875,20735.478515625
28-JUN-22,20731.544921875,21164.423828125,20228.8125,20280.634765625
29-JUN-22,20281.169921875,20364.15625,19937.791015625,20104.0234375
30-JUN-22,20108.3125,20141.16015625,18729.65625,19784.7265625
01-JUL-22,19820.470703125,20632.671875,19073.708984375,19269.3671875
02-JUL-22,19274.8359375,19371.748046875,19027.08203125,19242.255859375
03-JUL-22,19242.095703125,19558.26953125,18966.951171875,19297.076171875
04-JUL-22,19297.314453125,20258.748046875,19063.06640625,20231.26171875
05-JUL-22,20225.353515625,20635.466796875,19341.232421875,20190.115234375
06-JUL-22,20194.619140625,20595.529296875,19823.51171875,20548.24609375
07-JUL-22,20547.814453125,21771.81640625,20296.103515625,21637.587890625
08-JUL-22,21637.154296875,22314.94140625,21257.453125,21731.1171875
09-JUL-22,21716.828125,21877.138671875,21445.95703125,21592.20703125
10-JUL-22,21591.080078125,21591.080078125,20727.123046875,20860.44921875
11-JUL-22,20856.353515625,20856.353515625,19924.5390625,19970.556640625
12-JUL-22,19970.474609375,20043.4453125,19308.53125,19323.9140625
13-JUL-22,19325.97265625,20223.052734375,18999.953125,20212.07421875
14-JUL-22,20211.466796875,20789.89453125,19689.2578125,20569.919921875
15-JUL-22,20573.15625,21138.244140625,20397.0,20836.328125
16-JUL-22,20834.103515625,21514.404296875,20518.8984375,21190.31640625
17-JUL-22,21195.041015625,21600.640625,20778.1796875,20779.34375
18-JUL-22,20781.912109375,22633.033203125,20781.912109375,22485.689453125
19-JUL-22,22467.849609375,23666.962890625,21683.40625,23389.43359375
20-JUL-22,23393.19140625,24196.818359375,23009.94921875,23231.732421875
21-JUL-22,23233.201171875,23388.322265625,22431.1484375,23164.62890625
22-JUL-22,23163.751953125,23671.927734375,22603.416015625,22714.978515625
23-JUL-22,22706.984375,22977.2109375,22002.91015625,22465.478515625
24-JUL-22,22465.509765625,22974.001953125,22306.83984375,22609.1640625
25-JUL-22,22607.15625,22649.12109375,21361.642578125,21361.701171875
26-JUL-22,21361.12109375,21361.12109375,20776.81640625,21239.75390625
27-JUL-22,21244.169921875,22986.529296875,21070.806640625,22930.548828125
28-JUL-22,22933.640625,24110.470703125,22722.265625,23843.88671875
29-JUL-22,23845.212890625,24294.787109375,23481.173828125,23804.6328125
30-JUL-22,23796.818359375,24572.580078125,23580.5078125,23656.20703125
31-JUL-22,23652.0703125,24121.642578125,23275.703125,23336.896484375
01-AUG-22,23336.71875,23464.787109375,22890.796875,23314.19921875
02-AUG-22,23308.43359375,23415.041015625,22710.083984375,22978.1171875
03-AUG-22,22981.302734375,23578.650390625,22747.8359375,22846.5078125
04-AUG-22,22848.21484375,23198.009765625,22485.701171875,22630.95703125
05-AUG-22,22626.833984375,23422.828125,22612.177734375,23289.314453125
06-AUG-22,23291.423828125,23326.5625,22961.279296875,22961.279296875
07-AUG-22,22963.505859375,23359.009765625,22894.556640625,23175.890625
08-AUG-22,23179.52734375,24203.689453125,23176.546875,23809.486328125
09-AUG-22,23811.484375,23898.615234375,22982.0,23164.318359375
10-AUG-22,23162.8984375,24127.4140625,22771.51953125,23947.642578125
11-AUG-22,23948.345703125,24822.62890625,23900.99609375,23957.529296875
12-AUG-22,23957.203125,24412.56640625,23657.265625,24402.818359375
13-AUG-22,24402.1875,24860.05078125,24346.115234375,24424.068359375
14-AUG-22,24429.056640625,24974.9140625,24206.259765625,24319.333984375
15-AUG-22,24318.31640625,25135.58984375,23839.775390625,24136.97265625
16-AUG-22,24126.13671875,24228.416015625,23733.5,23883.291015625
17-AUG-22,23881.31640625,24407.05859375,23243.353515625,23335.998046875
18-AUG-22,23341.0390625,23563.83203125,23177.6015625,23212.73828125
19-AUG-22,23213.3125,23213.3125,20868.84765625,20877.552734375
20-AUG-22,20872.841796875,21350.806640625,20856.73046875,21166.060546875
21-AUG-22,21160.392578125,21668.845703125,21103.197265625,21534.12109375
22-AUG-22,21531.462890625,21531.462890625,20939.18359375,21398.908203125
23-AUG-22,21401.044921875,21646.203125,20955.138671875,21528.087890625
24-AUG-22,21526.455078125,21783.076171875,21195.005859375,21395.01953125
25-AUG-22,21395.458984375,21789.63671875,21362.44140625,21600.904296875
26-AUG-22,21596.0859375,21804.908203125,20199.482421875,20260.01953125
27-AUG-22,20262.48046875,20340.775390625,19890.5234375,20041.73828125
28-AUG-22,20041.03515625,20139.0546875,19616.814453125,19616.814453125
29-AUG-22,19615.154296875,20357.462890625,19600.78515625,20297.994140625
30-AUG-22,20298.611328125,20542.64453125,19617.640625,19796.80859375
31-AUG-22,19799.58203125,20420.990234375,19799.58203125,20049.763671875
01-SEP-22,20050.498046875,20198.390625,19653.96875,20127.140625
02-SEP-22,20126.072265625,20401.568359375,19814.765625,19969.771484375
03-SEP-22,19969.71875,20037.009765625,19698.35546875,19832.087890625
04-SEP-22,19832.470703125,19999.689453125,19636.81640625,19986.712890625
05-SEP-22,19988.7890625,20031.16015625,19673.046875,19812.37109375
06-SEP-22,19817.724609375,20155.26953125,18800.171875,18837.66796875
07-SEP-22,18837.68359375,19427.171875,18644.466796875,19290.32421875
08-SEP-22,19289.94140625,19417.3515625,19076.71484375,19329.833984375
09-SEP-22,19328.140625,21439.41015625,19310.962890625,21381.15234375
10-SEP-22,21376.912109375,21760.275390625,21168.72265625,21680.5390625
11-SEP-22,21678.54296875,21770.552734375,21406.9453125,21769.255859375
12-SEP-22,21770.1484375,22439.181640625,21603.896484375,22370.44921875
13-SEP-22,22371.48046875,22673.8203125,20062.669921875,20296.70703125
14-SEP-22,20184.5546875,20467.201171875,19793.396484375,20241.08984375
15-SEP-22,20242.2890625,20318.166015625,19636.734375,19701.2109375
16-SEP-22,19704.005859375,19870.62890625,19400.076171875,19772.583984375
17-SEP-22,19777.033203125,20162.53125,19777.033203125,20127.576171875
18-SEP-22,20127.234375,20127.234375,19387.4921875,19419.505859375
19-SEP-22,19418.572265625,19639.48046875,18390.318359375,19544.12890625
20-SEP-22,19545.591796875,19602.45703125,18813.455078125,18890.7890625
21-SEP-22,18891.283203125,19674.630859375,18290.314453125,18547.400390625
22-SEP-22,18534.650390625,19456.91015625,18415.591796875,19413.55078125
23-SEP-22,19412.400390625,19464.671875,18617.552734375,19297.638671875
24-SEP-22,19296.990234375,19310.197265625,18861.974609375,18937.01171875
25-SEP-22,18936.310546875,19134.732421875,18696.46875,18802.09765625
26-SEP-22,18803.900390625,19274.873046875,18721.28515625,19222.671875
27-SEP-22,19221.83984375,20338.455078125,18915.66796875,19110.546875
28-SEP-22,19104.62109375,19688.34375,18553.296875,19426.720703125
29-SEP-22,19427.779296875,19589.265625,18924.353515625,19573.05078125
30-SEP-22,19573.431640625,20109.849609375,19265.662109375,19431.7890625
01-OCT-22,19431.10546875,19471.154296875,19231.08203125,19312.095703125
02-OCT-22,19311.849609375,19370.30859375,18970.62109375,19044.107421875
03-OCT-22,19044.068359375,19653.54296875,19025.2265625,19623.580078125
04-OCT-22,19623.583984375,20380.34375,19523.83984375,20336.84375
05-OCT-22,20335.900390625,20343.748046875,19801.80078125,20160.716796875
06-OCT-22,20161.0390625,20408.392578125,19900.087890625,19955.443359375
07-OCT-22,19957.55859375,20041.0859375,19395.79296875,19546.849609375
08-OCT-22,19546.328125,19601.6953125,19299.4140625,19416.568359375
09-OCT-22,19417.478515625,19542.5390625,19349.259765625,19446.42578125
10-OCT-22,19446.416015625,19515.466796875,19102.978515625,19141.484375
11-OCT-22,19139.0,19241.9609375,18925.603515625,19051.41796875
12-OCT-22,19052.646484375,19203.19921875,19029.7578125,19157.4453125
13-OCT-22,19156.966796875,19453.328125,18319.822265625,19382.904296875
14-OCT-22,19382.533203125,19889.146484375,19115.408203125,19185.65625
15-OCT-22,19185.4375,19212.541015625,19019.25,19067.634765625
16-OCT-22,19068.9140625,19389.603515625,19068.9140625,19268.09375
17-OCT-22,19268.5625,19635.802734375,19173.333984375,19550.7578125
18-OCT-22,19550.466796875,19666.994140625,19144.76953125,19334.416015625
19-OCT-22,19335.02734375,19348.416015625,19127.6875,19139.53515625
20-OCT-22,19138.0859375,19315.19921875,18971.458984375,19053.740234375
21-OCT-22,19053.203125,19237.384765625,18770.970703125,19172.46875
22-OCT-22,19172.380859375,19248.068359375,19132.244140625,19208.189453125
23-OCT-22,19207.734375,19646.65234375,19124.197265625,19567.0078125
24-OCT-22,19567.76953125,19589.125,19206.32421875,19345.572265625
25-OCT-22,19344.96484375,20348.412109375,19261.447265625,20095.857421875
26-OCT-22,20092.236328125,20938.134765625,20076.1171875,20770.44140625
27-OCT-22,20772.802734375,20854.044921875,20255.373046875,20285.8359375
28-OCT-22,20287.95703125,20724.98046875,20086.068359375,20595.3515625
29-OCT-22,20595.103515625,20988.39453125,20566.484375,20818.4765625
30-OCT-22,20817.982421875,20917.005859375,20547.462890625,20635.603515625
31-OCT-22,20633.6953125,20795.3203125,20287.458984375,20495.7734375
01-NOV-22,20494.8984375,20647.2890625,20359.845703125,20485.2734375
02-NOV-22,20482.958984375,20742.810546875,20087.134765625,20159.50390625
03-NOV-22,20162.689453125,20382.095703125,20086.240234375,20209.98828125
04-NOV-22,20208.76953125,21209.560546875,20188.01953125,21147.23046875
05-NOV-22,21144.83203125,21446.88671875,21097.634765625,21282.69140625
06-NOV-22,21285.056640625,21345.376953125,20920.19140625,20926.486328125
07-NOV-22,20924.62109375,21053.24609375,20489.97265625,20602.81640625
08-NOV-22,20600.671875,20664.607421875,17603.544921875,18541.271484375
09-NOV-22,18543.76171875,18590.458984375,15682.6923828125,15880.7802734375
10-NOV-22,15883.158203125,18054.3125,15834.0185546875,17586.771484375
11-NOV-22,17583.251953125,17650.943359375,16543.482421875,17034.29296875
12-NOV-22,17036.875,17066.67578125,16651.775390625,16799.185546875
13-NOV-22,16799.72265625,16920.765625,16320.634765625,16353.365234375
14-NOV-22,16352.0283203125,17109.32421875,15872.94140625,16618.19921875
15-NOV-22,16617.484375,17051.962890625,16542.55078125,16884.61328125
16-NOV-22,16884.341796875,16960.294921875,16430.111328125,16669.439453125
17-NOV-22,16670.42578125,16726.439453125,16460.68359375,16687.517578125
18-NOV-22,16687.912109375,16947.05859375,16564.611328125,16697.77734375
19-NOV-22,16696.220703125,16797.876953125,16570.41015625,16711.546875
20-NOV-22,16712.919921875,16746.779296875,16248.6923828125,16291.83203125
21-NOV-22,16291.2236328125,16291.2236328125,15599.046875,15787.2841796875
22-NOV-22,15782.30078125,16253.0478515625,15656.6064453125,16189.76953125
23-NOV-22,16195.5888671875,16638.193359375,16170.5029296875,16610.70703125
24-NOV-22,16611.63671875,16771.474609375,16501.767578125,16604.46484375
25-NOV-22,16602.26953125,16603.31640625,16388.404296875,16521.841796875
26-NOV-22,16521.576171875,16666.86328125,16416.228515625,16464.28125
27-NOV-22,16463.8828125,16594.40625,16437.025390625,16444.626953125
28-NOV-22,16440.22265625,16482.93359375,16054.5302734375,16217.322265625
29-NOV-22,16217.6396484375,16522.2578125,16139.396484375,16444.982421875
30-NOV-22,16445.4765625,17190.9375,16445.4765625,17168.56640625
01-DEC-22,17168.001953125,17197.498046875,16888.388671875,16967.1328125
02-DEC-22,16968.68359375,17088.66015625,16877.880859375,17088.66015625
03-DEC-22,17090.09765625,17116.041015625,16888.140625,16908.236328125
04-DEC-22,16908.169921875,17157.767578125,16903.439453125,17130.486328125
05-DEC-22,17128.89453125,17378.15234375,16922.431640625,16974.826171875
06-DEC-22,16975.23828125,17091.86328125,16939.921875,17089.50390625
07-DEC-22,17089.505859375,17109.376953125,16750.55859375,16848.126953125
08-DEC-22,16847.349609375,17267.916015625,16788.783203125,17233.474609375
09-DEC-22,17232.1484375,17280.546875,17100.8359375,17133.15234375
10-DEC-22,17134.220703125,17216.826171875,17120.68359375,17128.724609375
11-DEC-22,17129.7109375,17245.634765625,17091.8203125,17104.193359375
12-DEC-22,17102.5,17212.564453125,16899.39453125,17206.4375
13-DEC-22,17206.44140625,17930.0859375,17111.763671875,17781.318359375
14-DEC-22,17782.06640625,18318.53125,17739.513671875,17815.650390625
15-DEC-22,17813.64453125,17846.744140625,17322.58984375,17364.865234375
16-DEC-22,17364.546875,17505.525390625,16584.701171875,16647.484375
17-DEC-22,16646.982421875,16800.58984375,16614.029296875,16795.091796875
18-DEC-22,16795.609375,16815.38671875,16697.8203125,16757.9765625
19-DEC-22,16759.041015625,16807.52734375,16398.13671875,16439.6796875
20-DEC-22,16441.787109375,17012.984375,16427.8671875,16906.3046875
21-DEC-22,16904.52734375,16916.80078125,16755.912109375,16817.53515625
22-DEC-22,16818.380859375,16866.673828125,16592.408203125,16830.341796875
23-DEC-22,16829.64453125,16905.21875,16794.458984375,16796.953125
24-DEC-22,16796.9765625,16864.703125,16793.52734375,16847.755859375
25-DEC-22,16847.505859375,16860.5546875,16755.25390625,16841.986328125
26-DEC-22,16842.25,16920.123046875,16812.369140625,16919.8046875
27-DEC-22,16919.291015625,16959.845703125,16642.072265625,16717.173828125
28-DEC-22,16716.400390625,16768.169921875,16497.556640625,16552.572265625
29-DEC-22,16552.322265625,16651.755859375,16508.68359375,16642.341796875
30-DEC-22,16641.330078125,16643.427734375,16408.474609375,16602.5859375
31-DEC-22,16603.673828125,16628.986328125,16517.51953125,16547.49609375
01-JAN-23,16547.9140625,16630.439453125,16521.234375,16625.080078125
02-JAN-23,16625.509765625,16759.34375,16572.228515625,16688.470703125
03-JAN-23,16688.84765625,16760.447265625,16622.37109375,16679.857421875
04-JAN-23,16680.205078125,16964.5859375,16667.763671875,16863.23828125
05-JAN-23,16863.47265625,16884.021484375,16790.283203125,16836.736328125
06-JAN-23,16836.47265625,16991.994140625,16716.421875,16951.96875
07-JAN-23,16952.1171875,16975.017578125,16914.19140625,16955.078125
08-JAN-23,16954.146484375,17091.14453125,16924.05078125,17091.14453125
09-JAN-23,17093.9921875,17389.95703125,17093.9921875,17196.5546875
10-JAN-23,17192.94921875,17484.720703125,17162.990234375,17446.29296875
11-JAN-23,17446.359375,17934.896484375,17337.994140625,17934.896484375
12-JAN-23,18117.59375,19030.087890625,17995.203125,18869.587890625
13-JAN-23,18868.90625,19964.322265625,18753.1640625,19909.57421875
14-JAN-23,19910.537109375,21075.142578125,19907.828125,20976.298828125
15-JAN-23,20977.484375,20993.748046875,20606.986328125,20880.798828125
16-JAN-23,20882.224609375,21360.875,20715.74609375,21169.6328125
17-JAN-23,21175.833984375,21438.66015625,20978.533203125,21161.51953125
18-JAN-23,21161.05078125,21564.501953125,20541.544921875,20688.78125
19-JAN-23,20686.74609375,21163.01171875,20685.380859375,21086.79296875
20-JAN-23,21085.373046875,22692.357421875,20919.126953125,22676.552734375
21-JAN-23,22677.427734375,23282.34765625,22511.833984375,22777.625
22-JAN-23,22777.986328125,23056.73046875,22387.900390625,22720.416015625
23-JAN-23,22721.087890625,23126.486328125,22654.3046875,22934.431640625
24-JAN-23,22929.626953125,23134.01171875,22549.744140625,22636.46875
25-JAN-23,22639.267578125,23722.099609375,22406.076171875,23117.859375
26-JAN-23,23108.955078125,23237.078125,22911.373046875,23032.77734375
27-JAN-23,23030.716796875,23417.720703125,22654.59375,23078.728515625
28-JAN-23,23079.96484375,23165.896484375,22908.845703125,23031.08984375
29-JAN-23,23031.44921875,23919.890625,22985.0703125,23774.56640625
30-JAN-23,23774.6484375,23789.34765625,22657.58203125,22840.138671875
31-JAN-23,22840.796875,23225.021484375,22765.568359375,23139.283203125
01-FEB-23,23137.8359375,23764.5390625,22877.75,23723.76953125
02-FEB-23,23720.82421875,24167.2109375,23468.595703125,23471.87109375
03-FEB-23,23469.412109375,23678.103515625,23279.955078125,23449.322265625
04-FEB-23,23446.3203125,23556.94921875,23291.794921875,23331.84765625
05-FEB-23,23332.248046875,23423.435546875,22841.759765625,22955.666015625
06-FEB-23,22954.021484375,23119.279296875,22692.025390625,22760.109375
07-FEB-23,22757.267578125,23310.974609375,22756.2578125,23264.291015625
08-FEB-23,23263.416015625,23367.958984375,22731.09765625,22939.3984375
09-FEB-23,22946.56640625,22996.4375,21773.974609375,21819.0390625
10-FEB-23,21819.005859375,21941.185546875,21539.392578125,21651.18359375
11-FEB-23,21651.841796875,21891.41015625,21618.44921875,21870.875
12-FEB-23,21870.90234375,22060.994140625,21682.828125,21788.203125
13-FEB-23,21787.0,21898.4140625,21460.087890625,21808.1015625
14-FEB-23,21801.822265625,22293.140625,21632.39453125,22220.8046875
15-FEB-23,22220.5859375,24307.841796875,22082.76953125,24307.841796875
16-FEB-23,24307.349609375,25134.1171875,23602.5234375,23623.474609375
17-FEB-23,23621.283203125,24924.041015625,23460.755859375,24565.6015625
18-FEB-23,24565.296875,24798.8359375,24468.373046875,24641.27734375
19-FEB-23,24640.02734375,25093.0546875,24327.642578125,24327.642578125
20-FEB-23,24336.623046875,25020.458984375,23927.91015625,24829.1484375
21-FEB-23,24833.048828125,25126.8515625,24200.36328125,24436.353515625
22-FEB-23,24437.41796875,24472.33984375,23644.318359375,24188.84375
23-FEB-23,24190.71875,24572.08984375,23693.919921875,23947.4921875
24-FEB-23,23946.0078125,24103.705078125,23007.072265625,23198.126953125
25-FEB-23,23200.125,23210.2109375,22861.55859375,23175.375
26-FEB-23,23174.150390625,23654.3671875,23084.220703125,23561.212890625
27-FEB-23,23561.451171875,23857.890625,23205.87890625,23522.87109375
28-FEB-23,23521.837890625,23585.384765625,23077.650390625,23147.353515625
01-MAR-23,23150.9296875,23880.6328125,23088.626953125,23646.55078125
Date,DJI,NASDAQ,VIX
01-OCT-21,34326.4609375,14566.7001953125,21.100000381469727
04-OCT-21,34002.921875,14255.48046875,22.959999084472656
05-OCT-21,34314.671875,14433.830078125,21.299999237060547
06-OCT-21,34416.98828125,14501.91015625,21.0
07-OCT-21,34754.94140625,14654.01953125,19.540000915527344
08-OCT-21,34746.25,14579.5400390625,18.770000457763672
11-OCT-21,34496.05859375,14486.2001953125,20.0
12-OCT-21,34378.33984375,14465.919921875,19.850000381469727
13-OCT-21,34377.80859375,14571.6396484375,18.639999389648438
14-OCT-21,34912.55859375,14823.4296875,16.860000610351562
15-OCT-21,35294.76171875,14897.33984375,16.299999237060547
18-OCT-21,35258.609375,15021.8095703125,16.309999465942383
19-OCT-21,35457.30859375,15129.08984375,15.699999809265137
20-OCT-21,35609.33984375,15121.6796875,15.489999771118164
21-OCT-21,35603.078125,15215.7001953125,15.010000228881836
22-OCT-21,35677.01953125,15090.2001953125,15.430000305175781
25-OCT-21,35741.1484375,15226.7099609375,15.239999771118164
26-OCT-21,35756.87890625,15235.7099609375,15.979999542236328
27-OCT-21,35490.69140625,15235.83984375,16.979999542236328
28-OCT-21,35730.48046875,15448.1201171875,16.530000686645508
29-OCT-21,35819.55859375,15498.3896484375,16.260000228881836
01-NOV-21,35913.83984375,15595.919921875,16.40999984741211
02-NOV-21,36052.62890625,15649.599609375,16.030000686645508
03-NOV-21,36157.578125,15811.580078125,15.100000381469727
04-NOV-21,36124.23046875,15940.3095703125,15.4399995803833
05-NOV-21,36327.94921875,15971.58984375,16.479999542236328
08-NOV-21,36432.21875,15982.3603515625,17.219999313354492
09-NOV-21,36319.98046875,15886.5400390625,17.780000686645508
10-NOV-21,36079.94140625,15622.7099609375,18.729999542236328
11-NOV-21,35921.23046875,15704.2802734375,17.65999984741211
12-NOV-21,36100.30859375,15860.9599609375,16.290000915527344
15-NOV-21,36087.44921875,15853.849609375,16.489999771118164
16-NOV-21,36142.21875,15973.8603515625,16.3700008392334
17-NOV-21,35931.05078125,15921.5703125,17.110000610351562
18-NOV-21,35870.94921875,15993.7099609375,17.59000015258789
19-NOV-21,35601.98046875,16057.4404296875,17.90999984741211
22-NOV-21,35619.25,15854.759765625,19.170000076293945
23-NOV-21,35813.80078125,15775.1396484375,19.3799991607666
24-NOV-21,35804.37890625,15845.23046875,18.579999923706055
26-NOV-21,34899.33984375,15491.66015625,28.6200008392334
29-NOV-21,35135.94140625,15782.830078125,22.959999084472656
30-NOV-21,34483.71875,15537.6904296875,27.190000534057617
01-DEC-21,34022.0390625,15254.0498046875,31.1200008392334
02-DEC-21,34639.7890625,15381.3203125,27.950000762939453
03-DEC-21,34580.078125,15085.4697265625,30.670000076293945
06-DEC-21,35227.03125,15225.150390625,27.18000030517578
07-DEC-21,35719.4296875,15686.919921875,21.889999389648438
08-DEC-21,35754.75,15786.990234375,19.899999618530273
09-DEC-21,35754.69140625,15517.3701171875,21.579999923706055
10-DEC-21,35970.98828125,15630.599609375,18.690000534057617
13-DEC-21,35650.94921875,15413.2802734375,20.309999465942383
14-DEC-21,35544.1796875,15237.6396484375,21.889999389648438
15-DEC-21,35927.4296875,15565.580078125,19.290000915527344
16-DEC-21,35897.640625,15180.4296875,20.56999969482422
17-DEC-21,35365.44140625,15169.6796875,21.56999969482422
20-DEC-21,34932.16015625,14980.9404296875,22.8700008392334
21-DEC-21,35492.69921875,15341.08984375,21.010000228881836
22-DEC-21,35753.890625,15521.8896484375,18.6299991607666
23-DEC-21,35950.55859375,15653.3701171875,17.959999084472656
27-DEC-21,36302.37890625,15871.259765625,17.68000030517578
28-DEC-21,36398.2109375,15781.7197265625,17.540000915527344
29-DEC-21,36488.62890625,15766.2197265625,16.950000762939453
30-DEC-21,36398.078125,15741.5595703125,17.329999923706055
31-DEC-21,36338.30078125,15644.9697265625,17.219999313354492
03-JAN-22,36585.05859375,15832.7998046875,16.600000381469727
04-JAN-22,36799.6484375,15622.7197265625,16.90999984741211
05-JAN-22,36407.109375,15100.169921875,19.729999542236328
06-JAN-22,36236.46875,15080.8603515625,19.610000610351562
07-JAN-22,36231.66015625,14935.900390625,18.760000228881836
10-JAN-22,36068.87109375,14942.830078125,19.399999618530273
11-JAN-22,36252.01953125,15153.4501953125,18.40999984741211
12-JAN-22,36290.3203125,15188.3896484375,17.6200008392334
13-JAN-22,36113.62109375,14806.8095703125,20.309999465942383
14-JAN-22,35911.80859375,14893.75,19.190000534057617
18-JAN-22,35368.46875,14506.900390625,22.790000915527344
19-JAN-22,35028.6484375,14340.259765625,23.850000381469727
20-JAN-22,34715.390625,14154.01953125,25.59000015258789
21-JAN-22,34265.37109375,13768.919921875,28.850000381469727
24-JAN-22,34364.5,13855.1298828125,29.899999618530273
25-JAN-22,34297.73046875,13539.2900390625,31.15999984741211
26-JAN-22,34168.08984375,13542.1201171875,31.959999084472656
27-JAN-22,34160.78125,13352.7802734375,30.489999771118164
28-JAN-22,34725.46875,13770.5703125,27.65999984741211
31-JAN-22,35131.859375,14239.8798828125,24.829999923706055
01-FEB-22,35405.23828125,14346.0,21.959999084472656
02-FEB-22,35629.328125,14417.5498046875,22.09000015258789
03-FEB-22,35111.16015625,13878.8203125,24.350000381469727
04-FEB-22,35089.73828125,14098.009765625,23.219999313354492
07-FEB-22,35091.12890625,14015.669921875,22.860000610351562
08-FEB-22,35462.78125,14194.4501953125,21.440000534057617
09-FEB-22,35768.05859375,14490.3701171875,19.959999084472656
10-FEB-22,35241.58984375,14185.6396484375,23.90999984741211
11-FEB-22,34738.05859375,13791.150390625,27.360000610351562
14-FEB-22,34566.171875,13790.919921875,28.329999923706055
15-FEB-22,34988.83984375,14139.759765625,25.700000762939453
16-FEB-22,34934.26953125,14124.08984375,24.290000915527344
17-FEB-22,34312.03125,13716.7197265625,28.110000610351562
18-FEB-22,34079.1796875,13548.0703125,27.75
22-FEB-22,33596.609375,13381.51953125,28.809999465942383
23-FEB-22,33131.76171875,13037.490234375,31.020000457763672
24-FEB-22,33223.828125,13473.58984375,30.31999969482422
25-FEB-22,34058.75,13694.6201171875,27.59000015258789
28-FEB-22,33892.6015625,13751.400390625,30.149999618530273
01-MAR-22,33294.94921875,13532.4599609375,33.31999969482422
02-MAR-22,33891.3515625,13752.01953125,30.739999771118164
03-MAR-22,33794.66015625,13537.9404296875,30.479999542236328
04-MAR-22,33614.80078125,13313.4404296875,31.979999542236328
07-MAR-22,32817.37890625,12830.9599609375,36.45000076293945
08-MAR-22,32632.640625,12795.5498046875,35.130001068115234
09-MAR-22,33286.25,13255.5498046875,32.45000076293945
10-MAR-22,33174.0703125,13129.9599609375,30.229999542236328
11-MAR-22,32944.19140625,12843.8095703125,30.75
14-MAR-22,32945.23828125,12581.2197265625,31.770000457763672
15-MAR-22,33544.33984375,12948.6201171875,29.829999923706055
16-MAR-22,34063.1015625,13436.5498046875,26.670000076293945
17-MAR-22,34480.76171875,13614.7802734375,25.670000076293945
18-MAR-22,34754.9296875,13893.83984375,23.8700008392334
21-MAR-22,34552.98828125,13838.4599609375,23.530000686645508
22-MAR-22,34807.4609375,14108.8203125,22.940000534057617
23-MAR-22,34358.5,13922.599609375,23.56999969482422
24-MAR-22,34707.94140625,14191.83984375,21.670000076293945
25-MAR-22,34861.23828125,14169.2998046875,20.809999465942383
28-MAR-22,34955.890625,14354.900390625,19.6299991607666
29-MAR-22,35294.19140625,14619.6396484375,18.899999618530273
30-MAR-22,35228.80859375,14442.26953125,19.329999923706055
31-MAR-22,34678.3515625,14220.51953125,20.559999465942383
01-APR-22,34818.26953125,14261.5,19.6299991607666
04-APR-22,34921.87890625,14532.5498046875,18.56999969482422
05-APR-22,34641.1796875,14204.169921875,21.030000686645508
06-APR-22,34496.51171875,13888.8203125,22.100000381469727
07-APR-22,34583.5703125,13897.2998046875,21.549999237060547
08-APR-22,34721.12109375,13711.0,21.15999984741211
11-APR-22,34308.078125,13411.9599609375,24.3700008392334
12-APR-22,34220.359375,13371.5703125,24.260000228881836
13-APR-22,34564.58984375,13643.58984375,21.81999969482422
14-APR-22,34451.23046875,13351.080078125,22.700000762939453
18-APR-22,34411.69140625,13332.3603515625,22.170000076293945
19-APR-22,34911.19921875,13619.66015625,21.3700008392334
20-APR-22,35160.7890625,13453.0703125,20.31999969482422
21-APR-22,34792.76171875,13174.650390625,22.68000030517578
22-APR-22,33811.3984375,12839.2900390625,28.209999084472656
25-APR-22,34049.4609375,13004.849609375,27.020000457763672
26-APR-22,33240.1796875,12490.740234375,33.52000045776367
27-APR-22,33301.9296875,12488.9296875,31.600000381469727
28-APR-22,33916.390625,12871.5302734375,29.989999771118164
29-APR-22,32977.2109375,12334.6396484375,33.400001525878906
02-MAY-22,33061.5,12536.01953125,32.34000015258789
03-MAY-22,33128.7890625,12563.759765625,29.25
04-MAY-22,34061.05859375,12964.8603515625,25.420000076293945
05-MAY-22,32997.96875,12317.6904296875,31.200000762939453
06-MAY-22,32899.37109375,12144.66015625,30.190000534057617
09-MAY-22,32245.69921875,11623.25,34.75
10-MAY-22,32160.740234375,11737.669921875,32.9900016784668
11-MAY-22,31834.109375,11364.240234375,32.560001373291016
12-MAY-22,31730.30078125,11370.9599609375,31.770000457763672
13-MAY-22,32196.66015625,11805.0,28.8700008392334
16-MAY-22,32223.419921875,11662.7900390625,27.469999313354492
17-MAY-22,32654.58984375,11984.51953125,26.100000381469727
18-MAY-22,31490.0703125,11418.150390625,30.959999084472656
19-MAY-22,31253.130859375,11388.5,29.350000381469727
20-MAY-22,31261.900390625,11354.6201171875,29.43000030517578
23-MAY-22,31880.240234375,11535.26953125,28.479999542236328
24-MAY-22,31928.619140625,11264.4501953125,29.450000762939453
25-MAY-22,32120.279296875,11434.740234375,28.3700008392334
26-MAY-22,32637.189453125,11740.650390625,27.5
27-MAY-22,33212.9609375,12131.1298828125,25.719999313354492
31-MAY-22,32990.12109375,12081.3896484375,26.190000534057617
01-JUN-22,32813.23046875,11994.4599609375,25.690000534057617
02-JUN-22,33248.28125,12316.900390625,24.719999313354492
03-JUN-22,32899.69921875,12012.73046875,24.790000915527344
06-JUN-22,32915.78125,12061.3701171875,25.06999969482422
07-JUN-22,33180.140625,12175.23046875,24.020000457763672
08-JUN-22,32910.8984375,12086.26953125,23.959999084472656
09-JUN-22,32272.7890625,11754.23046875,26.09000015258789
10-JUN-22,31392.7890625,11340.01953125,27.75
13-JUN-22,30516.740234375,10809.23046875,34.02000045776367
14-JUN-22,30364.830078125,10828.349609375,32.689998626708984
15-JUN-22,30668.529296875,11099.150390625,29.6200008392334
16-JUN-22,29927.0703125,10646.099609375,32.95000076293945
17-JUN-22,29888.779296875,10798.349609375,31.1299991607666
21-JUN-22,30530.25,11069.2998046875,30.190000534057617
22-JUN-22,30483.130859375,11053.080078125,28.950000762939453
23-JUN-22,30677.359375,11232.1904296875,29.049999237060547
24-JUN-22,31500.6796875,11607.6201171875,27.229999542236328
27-JUN-22,31438.259765625,11524.5498046875,26.950000762939453
28-JUN-22,30946.990234375,11181.5400390625,28.360000610351562
29-JUN-22,31029.310546875,11177.8896484375,28.15999984741211
30-JUN-22,30775.4296875,11028.740234375,28.709999084472656
01-JUL-22,31097.259765625,11127.849609375,26.700000762939453
05-JUL-22,30967.8203125,11322.240234375,27.540000915527344
06-JUL-22,31037.6796875,11361.849609375,26.729999542236328
07-JUL-22,31384.55078125,11621.349609375,26.079999923706055
08-JUL-22,31338.150390625,11635.3095703125,24.639999389648438
11-JUL-22,31173.83984375,11372.599609375,26.170000076293945
12-JUL-22,30981.330078125,11264.73046875,27.290000915527344
13-JUL-22,30772.7890625,11247.580078125,26.81999969482422
14-JUL-22,30630.169921875,11251.1904296875,26.399999618530273
15-JUL-22,31288.259765625,11452.419921875,24.229999542236328
18-JUL-22,31072.609375,11360.0498046875,25.299999237060547
19-JUL-22,31827.05078125,11713.150390625,24.5
20-JUL-22,31874.83984375,11897.650390625,23.8799991607666
21-JUL-22,32036.900390625,12059.6103515625,23.110000610351562
22-JUL-22,31899.2890625,11834.1103515625,23.030000686645508
25-JUL-22,31990.0390625,11782.669921875,23.360000610351562
26-JUL-22,31761.5390625,11562.5703125,24.690000534057617
27-JUL-22,32197.58984375,12032.419921875,23.239999771118164
28-JUL-22,32529.630859375,12162.58984375,22.329999923706055
29-JUL-22,32845.12890625,12390.6904296875,21.329999923706055
01-AUG-22,32798.3984375,12368.98046875,22.84000015258789
02-AUG-22,32396.169921875,12348.759765625,23.93000030517578
03-AUG-22,32812.5,12668.16015625,21.950000762939453
04-AUG-22,32726.8203125,12720.580078125,21.440000534057617
05-AUG-22,32803.46875,12657.5498046875,21.149999618530273
08-AUG-22,32832.5390625,12644.4599609375,21.290000915527344
09-AUG-22,32774.41015625,12493.9296875,21.770000457763672
10-AUG-22,33309.51171875,12854.7998046875,19.739999771118164
11-AUG-22,33336.671875,12779.91015625,20.200000762939453
12-AUG-22,33761.05078125,13047.1904296875,19.530000686645508
15-AUG-22,33912.44140625,13128.0498046875,19.950000762939453
16-AUG-22,34152.01171875,13102.5498046875,19.690000534057617
17-AUG-22,33980.3203125,12938.1201171875,19.899999618530273
18-AUG-22,33999.0390625,12965.33984375,19.559999465942383
19-AUG-22,33706.73828125,12705.2197265625,20.600000381469727
22-AUG-22,33063.609375,12381.5703125,23.799999237060547
23-AUG-22,32909.58984375,12381.2998046875,24.110000610351562
24-AUG-22,32969.23046875,12431.5302734375,22.81999969482422
25-AUG-22,33291.78125,12639.26953125,21.780000686645508
26-AUG-22,32283.400390625,12141.7099609375,25.559999465942383
29-AUG-22,32098.990234375,12017.669921875,26.209999084472656
30-AUG-22,31790.869140625,11883.1396484375,26.209999084472656
31-AUG-22,31510.4296875,11816.2001953125,25.8700008392334
01-SEP-22,31656.419921875,11785.1298828125,25.559999465942383
02-SEP-22,31318.439453125,11630.8603515625,25.469999313354492
06-SEP-22,31145.30078125,11544.91015625,26.90999984741211
07-SEP-22,31581.279296875,11791.900390625,24.639999389648438
08-SEP-22,31774.51953125,11862.1298828125,23.610000610351562
09-SEP-22,32151.7109375,12112.3095703125,22.790000915527344
12-SEP-22,32381.33984375,12266.41015625,23.8700008392334
13-SEP-22,31104.970703125,11633.5703125,27.270000457763672
14-SEP-22,31135.08984375,11719.6796875,26.15999984741211
15-SEP-22,30961.8203125,11552.3603515625,26.270000457763672
16-SEP-22,30822.419921875,11448.400390625,26.299999237060547
19-SEP-22,31019.6796875,11535.01953125,25.760000228881836
20-SEP-22,30706.23046875,11425.0498046875,27.15999984741211
21-SEP-22,30183.779296875,11220.1904296875,27.989999771118164
22-SEP-22,30076.6796875,11066.8095703125,27.350000381469727
23-SEP-22,29590.41015625,10867.9296875,29.920000076293945
26-SEP-22,29260.810546875,10802.919921875,32.2599983215332
27-SEP-22,29134.990234375,10829.5,32.599998474121094
28-SEP-22,29683.740234375,11051.6396484375,30.18000030517578
29-SEP-22,29225.609375,10737.509765625,31.84000015258789
30-SEP-22,28725.509765625,10575.6201171875,31.6200008392334
03-OCT-22,29490.890625,10815.4296875,30.100000381469727
04-OCT-22,30316.3203125,11176.41015625,29.06999969482422
05-OCT-22,30273.869140625,11148.6396484375,28.549999237060547
06-OCT-22,29926.939453125,11073.3095703125,30.520000457763672
07-OCT-22,29296.7890625,10652.400390625,31.360000610351562
10-OCT-22,29202.880859375,10542.099609375,32.45000076293945
11-OCT-22,29239.189453125,10426.1904296875,33.630001068115234
12-OCT-22,29210.849609375,10417.099609375,33.56999969482422
13-OCT-22,30038.720703125,10649.150390625,31.940000534057617
14-OCT-22,29634.830078125,10321.3896484375,32.02000045776367
17-OCT-22,30185.8203125,10675.7998046875,31.3700008392334
18-OCT-22,30523.80078125,10772.400390625,30.5
19-OCT-22,30423.810546875,10680.509765625,30.760000228881836
20-OCT-22,30333.58984375,10614.83984375,29.979999542236328
21-OCT-22,31082.560546875,10859.7197265625,29.690000534057617
24-OCT-22,31499.619140625,10952.6103515625,29.850000381469727
25-OCT-22,31836.740234375,11199.1201171875,28.459999084472656
26-OCT-22,31839.109375,10970.990234375,27.280000686645508
27-OCT-22,32033.279296875,10792.669921875,27.389999389648438
28-OCT-22,32861.80078125,11102.4501953125,25.75
31-OCT-22,32732.94921875,10988.150390625,25.8799991607666
01-NOV-22,32653.19921875,10890.849609375,25.809999465942383
02-NOV-22,32147.759765625,10524.7998046875,25.860000610351562
03-NOV-22,32001.25,10342.9404296875,25.299999237060547
04-NOV-22,32403.220703125,10475.25,24.549999237060547
07-NOV-22,32827.0,10564.51953125,24.350000381469727
08-NOV-22,33160.828125,10616.2001953125,25.540000915527344
09-NOV-22,32513.939453125,10353.169921875,26.09000015258789
10-NOV-22,33715.37109375,11114.150390625,23.530000686645508
11-NOV-22,33747.859375,11323.330078125,22.520000457763672
14-NOV-22,33536.69921875,11196.2197265625,23.729999542236328
15-NOV-22,33592.921875,11358.41015625,24.540000915527344
16-NOV-22,33553.828125,11183.66015625,24.110000610351562
17-NOV-22,33546.3203125,11144.9599609375,23.93000030517578
18-NOV-22,33745.69140625,11146.0595703125,23.1200008392334
21-NOV-22,33700.28125,11024.509765625,22.360000610351562
22-NOV-22,34098.1015625,11174.41015625,21.290000915527344
23-NOV-22,34194.05859375,11285.3203125,20.350000381469727
25-NOV-22,34347.03125,11226.3603515625,20.5
28-NOV-22,33849.4609375,11049.5,22.209999084472656
29-NOV-22,33852.53125,10983.7802734375,21.889999389648438
30-NOV-22,34589.76953125,11468.0,20.579999923706055
01-DEC-22,34395.01171875,11482.4501953125,19.84000015258789
02-DEC-22,34429.87890625,11461.5,19.059999465942383
05-DEC-22,33947.1015625,11239.9404296875,20.75
06-DEC-22,33596.33984375,11014.8896484375,22.170000076293945
07-DEC-22,33597.921875,10958.5498046875,22.68000030517578
08-DEC-22,33781.48046875,11082.0,22.290000915527344
09-DEC-22,33476.4609375,11004.6201171875,22.829999923706055
12-DEC-22,34005.0390625,11143.740234375,25.0
13-DEC-22,34108.640625,11256.8095703125,22.549999237060547
14-DEC-22,33966.3515625,11170.8896484375,21.139999389648438
15-DEC-22,33202.21875,10810.5302734375,22.829999923706055
16-DEC-22,32920.4609375,10705.41015625,22.6200008392334
19-DEC-22,32757.5390625,10546.0302734375,22.420000076293945
20-DEC-22,32849.73828125,10547.1103515625,21.479999542236328
21-DEC-22,33376.48046875,10709.3701171875,20.06999969482422
22-DEC-22,33027.48828125,10476.1201171875,21.969999313354492
23-DEC-22,33203.9296875,10497.8603515625,20.8700008392334
27-DEC-22,33241.55859375,10353.23046875,21.649999618530273
28-DEC-22,32875.7109375,10213.2900390625,22.139999389648438
29-DEC-22,33220.80078125,10478.08984375,21.440000534057617
30-DEC-22,33147.25,10466.48046875,21.670000076293945
03-JAN-23,33136.37109375,10386.98046875,22.899999618530273
04-JAN-23,33269.76953125,10458.759765625,22.010000228881836
05-JAN-23,32930.078125,10305.240234375,22.459999084472656
06-JAN-23,33630.609375,10569.2900390625,21.1299991607666
09-JAN-23,33517.6484375,10635.650390625,21.969999313354492
10-JAN-23,33704.1015625,10742.6298828125,20.579999923706055
11-JAN-23,33973.01171875,10931.669921875,21.09000015258789
12-JAN-23,34189.96875,11001.099609375,18.829999923706055
13-JAN-23,34302.609375,11079.16015625,18.350000381469727
17-JAN-23,33910.8515625,11095.1103515625,19.360000610351562
18-JAN-23,33296.9609375,10957.009765625,20.34000015258789
19-JAN-23,33044.55859375,10852.26953125,20.520000457763672
20-JAN-23,33375.48828125,11140.4296875,19.850000381469727
23-JAN-23,33629.55859375,11364.41015625,19.809999465942383
24-JAN-23,33733.9609375,11334.26953125,19.200000762939453
25-JAN-23,33743.83984375,11313.3603515625,19.079999923706055
26-JAN-23,33949.41015625,11512.41015625,18.729999542236328
27-JAN-23,33978.078125,11621.7099609375,18.510000228881836
30-JAN-23,33717.08984375,11393.8095703125,19.940000534057617
31-JAN-23,34086.0390625,11584.5498046875,19.399999618530273
01-FEB-23,34092.9609375,11816.3203125,17.8700008392334
02-FEB-23,34053.94140625,12200.8203125,18.729999542236328
03-FEB-23,33926.01171875,12006.9501953125,18.329999923706055
06-FEB-23,33891.01953125,11887.4501953125,19.43000030517578
07-FEB-23,34156.69140625,12113.7900390625,18.65999984741211
08-FEB-23,33949.01171875,11910.51953125,19.6299991607666
09-FEB-23,33699.87890625,11789.580078125,20.709999084472656
10-FEB-23,33869.26953125,11718.1201171875,20.530000686645508
13-FEB-23,34245.9296875,11891.7900390625,20.34000015258789
14-FEB-23,34089.26953125,11960.150390625,18.90999984741211
15-FEB-23,34128.05078125,12070.58984375,18.229999542236328
16-FEB-23,33696.8515625,11855.830078125,20.170000076293945
17-FEB-23,33826.69140625,11787.26953125,20.020000457763672
21-FEB-23,33129.58984375,11492.2998046875,22.8700008392334
22-FEB-23,33045.08984375,11507.0703125,22.290000915527344
23-FEB-23,33153.91015625,11590.400390625,21.139999389648438
24-FEB-23,32816.921875,11394.9404296875,21.670000076293945
27-FEB-23,32889.08984375,11466.98046875,20.950000762939453
28-FEB-23,32656.69921875,11455.5400390625,20.700000762939453
01-MAR-23,32661.83984375,11379.48046875,20.579999923706055
