date,twitter_total_posts,positive_tweets,negative_tweets,neutral_tweets,tweet_sentiment,news_text_count,news_sentiment
2021-10-01,861,319,77,467,0.0974851661195395,,
2021-10-02,998,332,111,556,0.0701509225385713,,
2021-10-03,1016,322,84,611,0.0764299097949694,,
2021-10-04,1520,466,198,856,0.0682587822815325,,
2021-10-05,1846,621,180,1045,0.0787289551847387,,
2021-10-06,2422,746,215,1461,0.0672921630902894,,
2021-10-07,1310,471,153,687,0.0774121902410397,,
2021-10-08,1210,445,128,637,0.0797332720512029,,
2021-10-09,965,344,109,516,0.076858991237974,,
2021-10-10,1046,342,116,589,0.0663920366945112,,
2021-10-11,1844,691,220,933,0.0751433248186363,12.0,0.058515211640211645
2021-10-12,1311,492,162,657,0.0774010666264368,9.0,0.11616161616161616
2021-10-13,1302,486,119,697,0.0849989648399546,,
2021-10-14,1369,478,146,745,0.0802963324881522,,
2021-10-15,3092,954,392,1748,0.0642389440050209,1.0,0.0
2021-10-16,1305,486,149,671,0.0845592211928929,,
2021-10-17,1283,496,126,663,0.0877208294597955,,
2021-10-18,1669,649,190,830,0.0820967029414205,1.0,0.13636363636363635
2021-10-19,2567,936,244,1388,0.0786681996314977,1.0,0.1
2021-10-20,3190,1205,279,1706,0.082536415327311,,
2021-10-21,1752,659,202,892,0.0866825113857637,,
2021-10-22,1378,514,152,712,0.0807271195504255,,
2021-10-23,821,305,93,423,0.0758310141506374,,
2021-10-24,946,365,111,471,0.082269700689175,,
2021-10-25,1313,478,140,697,0.0851354488158461,,
2021-10-26,1381,503,143,737,0.0831123094126519,,
2021-10-27,1341,484,140,717,0.0923145293392743,1.0,0.0
2021-10-28,1316,485,128,703,0.0879331765068282,,
2021-10-29,1037,401,96,540,0.0893125010835374,1.0,0.19999999999999998
2021-10-30,855,351,76,430,0.1023681984497198,,
2021-10-31,1116,416,86,616,0.1035082147812889,,
2021-11-01,1238,472,136,631,0.0985923041675214,,
2021-11-02,1376,494,123,759,0.0875830054710868,,
2021-11-03,1277,464,151,662,0.0751369185722441,,
2021-11-04,1316,539,160,617,0.098395528526891,,
2021-11-05,1177,486,122,569,0.0902900295332385,,
2021-11-06,944,336,103,507,0.0824930498627166,,
2021-11-07,1083,353,111,619,0.0696817396875251,,
2021-11-08,2125,786,165,1174,0.0824453096440426,,
2021-11-09,1885,676,205,1004,0.0747634930623339,,
2021-11-10,1846,668,207,971,0.0740820083113584,,
2021-11-11,1275,511,135,630,0.0885357553806564,10.0,0.047878787878787875
2021-11-12,1453,500,196,758,0.0723132706816909,1.0,0.0857142857142857
2021-11-13,1185,441,133,611,0.0767239538193539,1.0,0.0
2021-11-14,1390,495,140,755,0.0844788093165426,1.0,0.2916666666666667
2021-11-15,1537,557,146,835,0.0888488304503015,10.0,0.061097763347763345
2021-11-16,1757,585,190,982,0.0754884134575166,7.0,0.04141414141414141
2021-11-17,827,301,92,434,0.0808561791398799,11.0,0.12727272727272726
2021-11-18,1573,532,186,856,0.078378366621378,11.0,0.10643939393939394
2021-11-19,1558,501,185,876,0.0740323036809042,10.0,0.15704004329004329
2021-11-20,1179,378,113,689,0.0794974903613097,1.0,0.0875
2021-11-21,1646,517,136,994,0.0678586389777408,,
2021-11-22,1516,511,155,850,0.0761375124435878,9.0,0.07344606782106783
2021-11-23,1434,542,138,757,0.0858948088982168,9.0,0.07592592592592592
2021-11-24,1195,438,144,614,0.0776641378815563,10.0,0.16958333333333334
2021-11-25,1117,407,104,607,0.0980698632916241,9.0,0.13922558922558922
2021-11-26,1495,488,178,829,0.0713915163726887,8.0,0.012836850649350652
2021-11-27,969,337,122,510,0.0744720322782666,,
2021-11-28,1189,361,118,710,0.0650270925763686,,
2021-11-29,740,303,88,349,0.0947003978788972,9.0,0.014583333333333334
2021-11-30,1257,406,139,713,0.0724534248096704,11.0,0.01983225108225108
2021-12-01,1309,467,147,695,0.0849397702728195,,
2021-12-02,1157,418,145,594,0.0718426952672428,,
2021-12-03,1403,452,162,791,0.0730931851625809,,
2021-12-04,2327,584,276,1467,0.0461853908240226,,
2021-12-05,1141,360,145,637,0.0581685356284839,,
2021-12-06,1625,593,195,837,0.0819272974877305,,
2021-12-07,1370,497,148,725,0.0756698965931434,,
2021-12-08,1211,421,142,648,0.0776311942035804,,
2021-12-09,1291,449,148,694,0.0737477893037657,,
2021-12-10,1229,421,147,662,0.0698127030166192,1.0,0.15625
2021-12-11,957,332,128,497,0.074508732274108,10.0,0.1441964285714286
2021-12-12,1098,359,118,621,0.0714731819115845,,
2021-12-13,1356,415,171,770,0.0601473165070404,11.0,0.09366391184573003
2021-12-14,1280,437,166,678,0.0639472715707172,11.0,-0.021742424242424244
2021-12-15,1246,406,133,708,0.0682964067376427,6.0,0.008333333333333335
2021-12-16,1067,383,118,566,0.0790809870664823,9.0,0.0887962962962963
2021-12-17,1115,370,141,604,0.0642853235986457,9.0,-0.005134680134680134
2021-12-18,868,293,96,480,0.0674314466104127,2.0,0.1125
2021-12-19,871,280,101,490,0.0668899649157733,,
2021-12-20,1181,407,136,638,0.0660276273112601,5.0,0.12012987012987013
2021-12-21,1454,502,135,817,0.0820859584719626,5.0,0.02727272727272727
2021-12-22,1102,369,137,596,0.0750387792876034,8.0,0.06371527777777777
2021-12-23,1372,440,137,796,0.0761291058019595,9.0,0.0004629629629629644
2021-12-24,1047,344,96,607,0.0856023180302626,7.0,0.028679653679653676
2021-12-25,758,228,69,461,0.0813261165584007,1.0,0.0
2021-12-26,856,265,75,517,0.0696420285265197,,
2021-12-27,1062,374,130,559,0.0647670724729619,9.0,0.011531986531986532
2021-12-28,1113,376,126,612,0.0732530135445576,7.0,-0.03283730158730158
2021-12-29,1165,403,145,619,0.066563746481775,8.0,0.020951704545454544
2021-12-30,1120,396,138,586,0.0806296071575049,7.0,0.028571428571428577
2021-12-31,1081,396,100,586,0.0877759903452362,6.0,0.0787037037037037
2022-01-01,923,352,108,463,0.0883199700524901,4.0,0.24166666666666667
2022-01-02,1021,397,120,505,0.0831381968608138,57.0,0.12298834206728944
2022-01-03,1552,659,144,749,0.1267342812786544,46.0,0.09068887634105025
2022-01-04,1245,491,136,619,0.0937505777989325,46.0,0.06367230535165318
2022-01-05,1592,525,185,883,0.0617060495605595,14.0,0.15277777777777776
2022-01-06,1615,540,228,848,0.0613921388919455,55.0,0.09119382133018496
2022-01-07,1533,472,188,873,0.0619329349042373,55.0,0.039278072937163844
2022-01-08,1286,387,157,742,0.0604369932917477,42.0,0.09034320672713529
2022-01-09,1070,323,127,621,0.061323381600251,42.0,0.04037175897294945
2022-01-10,1583,523,196,864,0.0633455774903777,17.0,0.009354575163398696
2022-01-11,1422,490,138,795,0.0740078639959027,46.0,0.13104131375870506
2022-01-12,1373,462,127,784,0.0796150542133985,48.0,0.05421311327561328
2022-01-13,1207,379,130,699,0.0610840259873934,22.0,0.059165037824128734
2022-01-14,1233,411,103,719,0.0820677105303244,39.0,0.08217342842342842
2022-01-15,910,341,106,463,0.0820309124820285,5.0,0.10124999999999999
2022-01-16,860,293,101,466,0.0780985433872529,5.0,0.04538383838383838
2022-01-17,1138,372,145,621,0.0584786551234325,32.0,0.0974815867003367
2022-01-18,1262,400,145,717,0.0642895258792997,41.0,0.08277422893276551
2022-01-19,1289,422,155,712,0.0622128969791365,47.0,0.06485013508949679
2022-01-20,1503,479,185,840,0.0633851443151553,46.0,0.0389631093544137
2022-01-21,2358,710,316,1333,0.0588640157775415,40.0,0.07877138197450698
2022-01-22,2105,561,252,1292,0.0454896603843913,14.0,0.043434343434343436
2022-01-23,1308,394,196,719,0.0548552044382004,9.0,0.004722222222222216
2022-01-24,2016,616,241,1161,0.0564447491952027,31.0,0.1001669537153408
2022-01-25,1498,507,160,832,0.0647796857123781,37.0,0.08353842478842478
2022-01-26,1627,563,169,895,0.0745048389697102,42.0,0.0775786779358208
2022-01-27,1281,433,177,672,0.0641869342866633,53.0,0.09505517892310344
2022-01-28,1309,462,122,727,0.0813193546435391,53.0,0.08595036052347373
2022-01-29,1070,355,117,598,0.0701030411776573,16.0,0.009745896464646474
2022-01-30,286,91,31,164,0.0735072925285993,18.0,0.05769726030142697
2022-01-31,1261,402,153,706,0.063340060025745,48.0,0.05911747685185185
2022-02-01,1566,523,165,879,0.07825171817815,,
2022-02-02,1304,437,163,704,0.0659887353644748,53.0,0.03063093876773122
2022-02-03,1144,423,135,586,0.0810260338620886,51.0,0.10783889313301077
2022-02-04,1766,499,183,1084,0.0572186443130136,20.0,0.125993265993266
2022-02-05,1459,467,159,834,0.0731208821057989,42.0,0.09581014223871366
2022-02-06,1164,381,99,687,0.0833376818460652,43.0,0.0370836269673479
2022-02-07,1931,613,190,1128,0.0657336418371764,21.0,0.03842793009459676
2022-02-08,1586,528,185,873,0.0632577445341833,54.0,0.001578082411415744
2022-02-09,1697,620,180,898,0.0748125051980717,39.0,0.0038283475783475783
2022-02-10,1563,503,160,900,0.0684441334676193,15.0,0.0054444444444444445
2022-02-11,1254,411,152,691,0.069800047993301,57.0,0.09492693381180223
2022-02-12,960,340,114,506,0.0808976744357057,52.0,0.0963078588078588
2022-02-13,999,341,114,544,0.0674526530412773,17.0,0.04451213818860878
2022-02-14,1291,455,134,703,0.0783954313312328,48.0,0.08801497113997114
2022-02-15,1639,564,188,888,0.0726919042933343,53.0,0.09789907157831687
2022-02-16,1389,460,163,766,0.0712845454823416,56.0,0.03328433140933141
2022-02-17,1618,460,209,950,0.0547438081173034,51.0,0.07497235426156994
2022-02-18,1369,434,149,786,0.0669050665964879,53.0,0.04957649268970024
2022-02-19,1048,350,119,579,0.073319389271929,17.0,0.11851285968933029
2022-02-20,1162,382,136,645,0.0654602146860507,18.0,0.08717181738015072
2022-02-21,1346,426,139,781,0.0669551488343898,43.0,0.047642999765092786
2022-02-22,1387,468,153,768,0.070802454152333,50.0,0.08286826599326598
2022-02-23,1267,427,159,681,0.0698434375807322,56.0,0.04832033128908129
2022-02-24,154,60,19,76,0.070819183480773,54.0,0.10661622842178398
2022-02-25,1360,424,181,756,0.0560617848852389,46.0,0.021036098563272477
2022-02-26,993,279,114,601,0.0542573751945293,17.0,0.10802139037433156
2022-02-27,952,272,120,560,0.0527858382488859,15.0,0.04895833333333333
2022-02-28,2031,610,207,1214,0.0617290042167967,49.0,0.08241251803751803
2022-03-01,1785,558,183,1045,0.0641282080641508,10.0,0.035625
2022-03-02,1244,384,123,737,0.0657338597576615,51.0,0.039343316451159585
2022-03-03,1225,364,136,725,0.0613555638823505,58.0,-0.01011200365726228
2022-03-04,1164,331,119,715,0.0543478210586972,17.0,0.11911287242169595
2022-03-05,867,280,80,508,0.0814960093646935,48.0,0.08029192595598846
2022-03-06,866,275,96,495,0.0718392244610128,46.0,0.10080328789567919
2022-03-07,1200,370,174,656,0.0512949931474454,18.0,0.07330106621773289
2022-03-08,1129,412,140,577,0.0700389853852802,47.0,0.007636394338521999
2022-03-09,1644,500,150,994,0.0675877412922946,12.0,0.016845538720538716
2022-03-10,1324,407,152,766,0.0621813661514209,41.0,0.007615278804303192
2022-03-11,1151,353,151,647,0.0684565947220461,54.0,0.06954278232056009
2022-03-12,993,323,108,563,0.0764481752819794,14.0,0.12533897649969078
2022-03-13,976,270,118,588,0.0596532648885604,13.0,-0.018814102564102566
2022-03-14,1415,444,126,845,0.0804290772431594,46.0,0.06726119894598155
2022-03-15,1139,363,113,663,0.0678797019324884,60.0,0.05650275072150072
2022-03-16,1363,378,143,843,0.0590879713169017,54.0,0.06540092280833021
2022-03-17,929,319,90,521,0.0811952223897596,50.0,0.05726195286195287
2022-03-18,1095,396,107,592,0.081091536866288,46.0,0.05468044184076793
2022-03-19,955,331,94,530,0.0821276754387403,14.0,0.024076479076479078
2022-03-20,846,265,88,497,0.0668568604584352,12.0,0.16161353114478114
2022-03-21,1069,372,111,586,0.0740809346714586,52.0,0.04576370966995967
2022-03-22,1320,458,128,734,0.077067732104368,50.0,0.06349359668109668
2022-03-23,1182,405,115,663,0.0741570008358298,51.0,0.04015636170293033
2022-03-24,1580,473,139,968,0.0606575597832237,57.0,0.08009629186602871
2022-03-25,1581,492,142,949,0.0712585966159066,52.0,0.07390778781403781
2022-03-26,997,290,98,609,0.0642095071179255,17.0,0.0666167982344453
2022-03-27,981,306,93,582,0.0652889298663101,17.0,0.06004424497071555
2022-03-28,1766,531,162,1073,0.0646093880375533,43.0,0.09255524514245445
2022-03-29,1640,587,200,853,0.0725491292825488,61.0,0.10758232204953516
2022-03-30,1345,443,132,771,0.078817380519809,54.0,0.11296817380150713
2022-03-31,1324,436,137,752,0.0750948065626097,52.0,0.06637896825396825
2022-04-01,944,296,97,551,0.0751619629646098,11.0,0.06363636363636364
2022-04-02,416,131,41,244,0.0701178552124597,51.0,0.054104624678154085
2022-04-03,1036,309,97,631,0.0730344251336898,47.0,0.05869013718747762
2022-04-04,1120,362,99,659,0.0805064441374818,46.0,0.025980084227366834
2022-04-05,1413,474,146,793,0.0847189972080622,55.0,0.05475033232760505
2022-04-06,1547,486,140,921,0.079631196842128,15.0,0.05147907647907648
2022-04-07,1862,654,173,1035,0.0850457937412321,40.0,0.13996590909090909
2022-04-08,1676,579,149,948,0.0912920615579688,44.0,0.1076986176702086
2022-04-09,1174,425,136,613,0.0905221867606971,7.0,0.029004329004329005
2022-04-10,1132,391,126,615,0.0805420031453837,50.0,0.05594612554112554
2022-04-11,1633,513,191,930,0.0717033716061169,51.0,0.057685291288232465
2022-04-12,1389,458,151,781,0.0736859958140604,16.0,0.08772866311928812
2022-04-13,1274,399,136,740,0.075727783382044,52.0,0.053002414252414254
2022-04-14,398,140,38,220,0.07954806885256,59.0,0.01307938138446613
2022-04-15,963,332,100,531,0.0787976143399392,42.0,0.02628302583659727
2022-04-16,832,257,98,478,0.0641248913539338,14.0,0.1372113997113997
2022-04-17,898,274,89,535,0.0813364735394891,17.0,0.04414877061935885
2022-04-18,1318,421,151,748,0.0700453323350881,47.0,0.06142273801848269
2022-04-19,1186,422,134,630,0.0795682583068524,46.0,0.06869390070477026
2022-04-20,1233,399,135,699,0.0730022891539892,55.0,0.07120413004503913
2022-04-21,1290,418,150,722,0.0670815745988014,55.0,0.07704307687262232
2022-04-22,1172,356,138,678,0.0651245310444595,53.0,0.12058996864421394
2022-04-23,866,287,86,493,0.0809310775736743,17.0,0.17938534504710973
2022-04-24,907,317,98,492,0.0734347548940299,18.0,0.08838734567901235
2022-04-25,1364,443,157,764,0.0651768314037899,41.0,0.09715024812585787
2022-04-26,1488,515,141,832,0.0752218885984171,55.0,0.08484561524334251
2022-04-27,1481,551,156,774,0.0755247632974353,49.0,0.11105390641104927
2022-04-28,1404,509,145,750,0.0756283456379562,58.0,0.12524675635667015
2022-04-29,1180,410,138,633,0.0735589934924204,51.0,0.06995845476237633
2022-04-30,1065,351,135,579,0.0599900111177959,19.0,0.08571222880433406
2022-05-01,1173,361,169,643,0.0549038770998994,9.0,0.09276094276094277
2022-05-02,1147,413,141,593,0.0788235619692273,19.0,0.06846978557504872
2022-05-03,1001,370,104,527,0.0860117218607734,17.0,0.13095588235294117
2022-05-04,1337,463,161,714,0.0768018089383204,54.0,0.09202835230613007
2022-05-05,1577,468,196,913,0.0628381444721891,53.0,0.07361099199542595
2022-05-06,1350,387,170,793,0.0617922665807909,15.0,0.13329906204906206
2022-05-07,997,315,109,573,0.073405678127428,47.0,0.017634437075926435
2022-05-08,1392,427,176,789,0.0664830556546513,39.0,0.12140105265105265
2022-05-09,2528,682,328,1518,0.0507850691217584,41.0,0.096371423292155
2022-05-10,1798,551,230,1017,0.0631594604882,47.0,0.0788563829787234
2022-05-11,2202,666,305,1231,0.0542125842765168,19.0,0.08724937343358397
2022-05-12,2273,719,308,1246,0.0630141018950259,51.0,0.034441391034528285
2022-05-13,1736,561,198,977,0.0711199412607206,56.0,0.08411300505050505
2022-05-14,1186,368,142,676,0.0606113313964547,19.0,0.0761637047163363
2022-05-15,1164,376,130,658,0.0653672300218647,20.0,0.003420093795093793
2022-05-16,1654,522,202,930,0.0636928416392565,45.0,0.06469183902517237
2022-05-17,1324,436,159,729,0.0697368792650634,46.0,0.05978084415584416
2022-05-18,1223,375,149,699,0.0653563537810303,61.0,0.06751842192415963
2022-05-19,1291,425,150,718,0.0704779553602749,55.0,0.01775126590581136
2022-05-20,1122,380,93,649,0.0846835206122929,50.0,0.04983401875901876
2022-05-21,908,270,84,554,0.0654470252135794,18.0,0.0585923721340388
2022-05-22,1277,473,109,695,0.1299074913918052,17.0,-0.0038642729819200372
2022-05-23,1265,405,139,721,0.0683725532650403,50.0,0.09142691197691198
2022-05-24,1146,367,132,647,0.0639666969019569,55.0,0.07263943001443
2022-05-25,1086,381,101,604,0.0819256725951304,63.0,0.11205942646418837
2022-05-26,1093,370,120,603,0.0728569099669256,52.0,0.07050206737706738
2022-05-27,1043,324,132,588,0.0589462292893346,47.0,0.051280088115194494
2022-05-28,820,257,84,479,0.0705562234137773,22.0,0.06075413223140496
2022-05-29,808,228,82,498,0.0635879424582442,15.0,0.10372534872534872
2022-05-30,1426,413,156,859,0.0549847894001175,43.0,0.04627168696936139
2022-05-31,663,218,70,375,0.0780899849830828,50.0,0.07093831168831169
2022-06-01,638,203,82,353,0.0626270228324009,14.0,0.03727002164502164
2022-06-02,660,223,95,342,0.0659168491371142,17.0,0.09461229946524063
2022-06-03,620,224,88,308,0.0653489584164555,14.0,0.05218253968253967
2022-06-04,482,153,60,269,0.0786767936338179,63.0,0.05348425677790757
2022-06-05,505,175,68,263,0.0649105226816442,47.0,0.06360320530533296
2022-06-06,696,239,95,362,0.070888273862187,49.0,0.01576055746974114
2022-06-07,759,277,97,385,0.076805108612362,51.0,0.09253345782757547
2022-06-08,625,215,96,314,0.0699560727753727,15.0,0.09166666666666666
2022-06-09,557,206,79,272,0.070293975225536,56.0,0.08106229707792208
2022-06-10,591,187,70,334,0.0643486885717215,49.0,0.06569470212327355
2022-06-11,555,209,66,280,0.0846354098958265,18.0,0.17825837742504408
2022-06-12,667,206,109,352,0.0516513763714733,51.0,0.06004901960784314
2022-06-13,1904,613,282,1009,0.0658851356520684,64.0,0.06402322142556519
2022-06-14,1211,374,207,630,0.045949405194834,58.0,0.05805123277106035
2022-06-15,1127,370,194,563,0.0539132552420912,58.0,0.06797990682688958
2022-06-16,902,305,127,470,0.062105509233358,64.0,0.06515600574194325
2022-06-17,749,278,111,360,0.0786794688808147,58.0,0.08910317252989666
2022-06-18,1841,595,264,982,0.0512532001309623,20.0,0.10373235329485328
2022-06-19,1096,386,166,545,0.0818779609585191,16.0,0.038781039562289565
2022-06-20,1557,571,217,769,0.0717366319356869,51.0,0.02607942166765696
2022-06-21,1768,614,259,897,0.0755737896524031,57.0,0.06120154251670542
2022-06-22,1581,553,228,800,0.0659390761782882,59.0,0.03641582287768728
2022-06-23,1440,467,187,788,0.0615943441415008,56.0,0.05074630230880232
2022-06-24,1322,439,161,722,0.0635689111187882,45.0,0.062028940195606855
2022-06-25,1154,362,158,634,0.0708552887440885,15.0,-0.049645061728395064
2022-06-26,785,243,100,443,0.0698992330000599,12.0,0.10985479797979798
2022-06-27,702,239,105,358,0.0680592328808268,52.0,0.0935173853923854
2022-06-28,677,234,88,358,0.069563812914686,48.0,0.06542015517275933
2022-06-29,782,283,134,367,0.0654535074163752,56.0,0.018746811224489793
2022-06-30,989,358,204,427,0.0653704762275604,49.0,0.030647602114438847
2022-07-01,799,250,133,416,0.0552096882075789,11.0,0.05176767676767677
2022-07-02,584,209,86,289,0.0648352210242193,47.0,0.052048678272082524
2022-07-03,592,182,83,327,0.0547667817980318,45.0,0.002472342472342469
2022-07-04,695,242,90,363,0.0852526118375553,64.0,0.05172216021825397
2022-07-05,677,236,108,333,0.0809826410108379,13.0,0.18094551282051283
2022-07-06,663,249,88,326,0.0734946332327284,57.0,0.037307283359914935
2022-07-07,730,254,99,377,0.0804067129835537,59.0,0.06437275295326143
2022-07-08,260,113,28,119,0.0885693134026467,7.0,0.009523809523809521
2022-07-09,70,34,2,34,0.1354557111444866,55.0,0.044180555555555556
2022-07-10,447,170,57,220,0.0909564753748199,43.0,0.0905855123558612
2022-07-11,743,271,105,367,0.069461181709483,52.0,0.06653514887889887
2022-07-12,698,252,88,358,0.0761000698070898,48.0,0.025555435305435303
2022-07-13,715,254,102,359,0.0694075435374607,48.0,0.07316491301907968
2022-07-14,658,217,101,340,0.0533255215972261,50.0,0.02631080447330447
2022-07-15,661,246,91,324,0.0852181007050641,50.0,0.037148148148148145
2022-07-16,562,191,72,300,0.075523237027511,21.0,0.057652116402116406
2022-07-17,623,217,69,338,0.0875257269736436,16.0,0.0016258192039442032
2022-07-18,822,268,101,453,0.0669838671425594,41.0,0.059478891704501456
2022-07-19,942,287,109,546,0.0642210517952409,52.0,0.10150197025197025
2022-07-20,1232,361,129,742,0.0629112455772129,53.0,0.07746436739361269
2022-07-21,890,295,86,509,0.0843255141380266,51.0,0.06540867357043827
2022-07-22,749,255,72,422,0.0805285938610788,46.0,0.030574965493443754
2022-07-23,520,174,69,277,0.0611326999513383,13.0,0.08675213675213675
2022-07-24,580,194,56,330,0.0828292762930886,10.0,0.11226190476190476
2022-07-25,699,239,85,375,0.0789696862772685,44.0,0.05356370113472386
2022-07-26,708,247,95,367,0.0759723435881531,51.0,0.021736482471776588
2022-07-27,719,238,77,404,0.0646074605813909,44.0,0.07004574970484062
2022-07-28,807,267,80,461,0.0754319695919031,47.0,-0.0034587977034785523
2022-07-29,705,230,89,386,0.0841184916510841,40.0,0.055497579966329966
2022-07-30,659,238,74,347,0.0798353354926219,16.0,0.07282460016835016
2022-07-31,647,220,68,359,0.0893970018424368,13.0,0.14504828504828504
2022-08-01,710,266,73,371,0.0937745831046887,1.0,-0.2916666666666667
2022-08-02,704,231,84,389,0.0800934510222634,55.0,0.06656762429489702
2022-08-03,684,242,86,356,0.0715444198832356,47.0,0.09615619723066532
2022-08-04,605,197,76,332,0.0702831922220942,50.0,0.04231168831168831
2022-08-05,499,170,42,287,0.0705601808475055,14.0,0.07076672335600907
2022-08-06,535,188,51,296,0.0835277900187764,50.0,0.08869457070707071
2022-08-07,592,203,71,318,0.0711323942652067,47.0,0.03207147462466611
2022-08-08,882,324,94,465,0.0771761562217495,47.0,0.07930034898120004
2022-08-09,664,249,91,324,0.0723124671286851,57.0,0.07647752588542062
2022-08-10,737,233,81,423,0.0719022340835336,18.0,0.10802352225963337
2022-08-11,809,281,89,439,0.078815849378857,46.0,0.039805430077169204
2022-08-12,602,209,70,323,0.081795010411523,56.0,0.04467166885693671
2022-08-13,567,189,62,316,0.0743531561418818,16.0,0.1414097222222222
2022-08-14,589,219,65,305,0.0897954178819293,10.0,0.062083333333333324
2022-08-15,720,241,77,402,0.0663802961760163,41.0,0.03960313060922817
2022-08-16,696,255,81,361,0.0767687938149514,39.0,0.0350480537980538
2022-08-17,661,224,76,362,0.0716458367586712,48.0,0.013228640572390574
2022-08-18,586,190,76,320,0.0669643108390708,36.0,0.06948920421142643
2022-08-19,859,230,105,524,0.0614861765110082,38.0,-0.01385740392648288
2022-08-20,608,185,75,348,0.0693275125748398,12.0,0.05347222222222222
2022-08-21,522,172,65,285,0.0805271922495342,8.0,0.11875000000000001
2022-08-22,626,243,65,318,0.0949458353166919,46.0,0.04849483447309535
2022-08-23,613,195,74,344,0.0631697393956264,44.0,0.12740427817132363
2022-08-24,545,199,50,296,0.0831908891661103,45.0,0.10367452300785635
2022-08-25,437,153,57,227,0.0785259701735674,43.0,0.04628024430350011
2022-08-26,591,182,75,334,0.0658063511316736,42.0,0.0326936026936027
2022-08-27,561,159,69,334,0.0526621439829211,13.0,-0.07216880341880341
2022-08-28,535,175,62,298,0.0685106719114442,15.0,0.07686026936026936
2022-08-29,597,189,76,332,0.0664786656748549,41.0,0.030184686587125607
2022-08-30,513,158,51,304,0.07030667480428,46.0,0.061892214066127105
2022-08-31,503,174,63,266,0.075031740728273,50.0,0.10691159812409813
2022-09-01,468,145,67,256,0.0592043067529178,,
2022-09-02,483,135,53,295,0.0636753423940785,53.0,0.08152292239556391
2022-09-03,419,132,59,228,0.0791318774046436,49.0,0.0812831485408016
2022-09-04,391,115,50,226,0.0655377070026792,14.0,0.08478084415584416
2022-09-05,518,180,68,270,0.0842225209157607,50.0,0.037242424242424244
2022-09-06,645,181,82,382,0.058852007920661,56.0,0.062224219233147804
2022-09-07,670,237,80,354,0.0758385033577133,18.0,0.10859918630751964
2022-09-08,608,194,82,332,0.0651436935371625,53.0,0.06199285079002059
2022-09-09,698,238,97,363,0.075785344921448,50.0,0.03801194083694084
2022-09-10,357,123,42,192,0.0773195986547577,14.0,0.06980519480519481
2022-09-11,383,120,46,217,0.0754566824619976,65.0,0.026729193645860315
2022-09-12,673,230,74,370,0.0786740584868914,44.0,0.06880858093926276
2022-09-13,667,194,93,380,0.0553374936230606,63.0,0.05602755159302778
2022-09-14,546,203,61,282,0.0745384474091248,63.0,0.0896991170205456
2022-09-15,574,234,84,257,0.0757984608133987,55.0,0.08894884997157725
2022-09-16,547,208,62,277,0.0852032506380573,48.0,0.03832108285233285
2022-09-17,467,163,50,254,0.0763199896750485,17.0,0.15310224089635854
2022-09-18,464,158,69,237,0.0664340306285349,16.0,0.07189668796811655
2022-09-19,758,247,83,429,0.0721454946729626,46.0,0.03848726002258611
2022-09-20,690,224,78,388,0.0696899438004963,55.0,0.0830596877869605
2022-09-21,622,209,66,348,0.0672671988692683,58.0,0.03299087446716757
2022-09-22,523,188,72,263,0.0725320553818317,48.0,0.07769013798701298
2022-09-23,524,166,75,283,0.0526027448160876,45.0,0.05493975468975469
2022-09-24,445,149,49,247,0.0712683459967519,17.0,0.16564913844325607
2022-09-25,401,115,62,224,0.054822529403265,17.0,0.09810208174178761
2022-09-26,564,174,65,325,0.0580642382830357,49.0,-0.005814982919574756
2022-09-27,734,219,79,436,0.0702200822124187,55.0,0.035541617473435656
2022-09-28,616,203,86,327,0.058841283391021,53.0,0.009906451645838438
2022-09-29,578,187,71,320,0.0669514972252784,55.0,0.055641151777515406
2022-09-30,576,183,74,320,0.0609450204844621,52.0,0.11360358391608391
2022-10-01,443,130,66,247,0.0606943750054289,13.0,0.05437062937062937
2022-10-02,470,132,59,279,0.0606793068731898,57.0,0.06838225614541403
2022-10-03,621,219,75,327,0.0636116208125945,56.0,0.08777273156737442
2022-10-04,699,208,81,410,0.0587420067154764,14.0,0.13078263502370646
2022-10-05,603,179,79,345,0.0546148949554836,57.0,0.110124532712252
2022-10-06,521,171,50,300,0.0784319696320142,55.0,0.09301697986357077
2022-10-07,517,176,65,276,0.0739268688666355,17.0,0.009592564298446652
2022-10-08,422,124,48,250,0.0730497473251472,36.0,0.047306297097963766
2022-10-09,441,153,63,225,0.0600750639050313,16.0,0.10789962121212121
2022-10-10,562,177,72,313,0.0602928206094353,51.0,0.09461494496788614
2022-10-11,544,181,68,296,0.0691786873676782,62.0,0.01362012987012987
2022-10-12,585,216,68,301,0.0843379962067131,19.0,0.0007651705020126047
2022-10-13,667,207,76,384,0.0703522988042157,53.0,0.03967093441150044
2022-10-14,539,183,59,297,0.0828725018260616,61.0,0.09623087825956678
2022-10-15,427,136,45,247,0.0666634095179656,19.0,0.18465709728867621
2022-10-16,432,154,44,234,0.0830206192537886,15.0,0.1615952380952381
2022-10-17,561,188,73,300,0.0783368698623465,50.0,0.09554329374329373
2022-10-18,542,186,70,286,0.0691072349729865,53.0,0.05329082605026001
2022-10-19,501,156,54,291,0.0729109754738497,59.0,0.02802088683444616
2022-10-20,466,158,70,239,0.05776089839259,47.0,0.06920063092935433
2022-10-21,513,171,61,281,0.0751029002989285,39.0,0.06943658193658193
2022-10-22,410,141,39,230,0.0823175129530748,19.0,0.03346230949849371
2022-10-23,445,160,64,221,0.0630115645968976,21.0,0.08909863945578232
2022-10-24,526,156,68,302,0.0531537630785194,56.0,0.011393333848690994
2022-10-25,672,214,79,379,0.0710327909222155,50.0,0.050271897546897544
2022-10-26,606,194,64,348,0.0741018953085784,52.0,0.06365589602196745
2022-10-27,537,189,58,290,0.0843451887907694,53.0,0.07494074164828882
2022-10-28,478,181,59,238,0.0817603220316908,46.0,0.057143562958780356
2022-10-29,416,133,49,234,0.0684965307781939,18.0,0.09007856341189674
2022-10-30,397,146,42,209,0.0872256734309631,14.0,0.08928571428571429
2022-10-31,662,249,58,356,0.100968017605039,43.0,0.06037878787878788
2022-11-01,547,177,63,307,0.0673993924318707,13.0,-0.04935897435897436
2022-11-02,533,178,60,295,0.0642987769827926,49.0,0.06918498026916393
2022-11-03,503,165,56,282,0.0711026892212427,54.0,0.06108278552722997
2022-11-04,600,185,79,336,0.0708683193095209,51.0,0.05522946552358317
2022-11-05,488,151,49,288,0.0652354668788363,55.0,0.05230880230880231
2022-11-06,395,114,49,233,0.0594904612090984,22.0,0.14388118194936375
2022-11-07,529,151,61,317,0.060278229255604,47.0,0.0700231033741672
2022-11-08,919,273,137,509,0.0444118864860548,47.0,0.08418611648398883
2022-11-09,1192,374,151,667,0.0550336347577553,12.0,0.1610585016835017
2022-11-10,920,269,141,511,0.0570560721442526,55.0,0.05185999606454152
2022-11-11,763,240,121,402,0.0579017670852235,53.0,0.031166565539880904
2022-11-12,648,221,98,329,0.0632305573933729,14.0,-0.005732924482924486
2022-11-13,635,245,112,280,0.0657889806176978,14.0,0.17153679653679652
2022-11-14,819,297,139,383,0.0590077581725824,52.0,0.05419334600584601
2022-11-15,750,287,103,361,0.074363900813254,51.0,0.04357492155111203
2022-11-16,681,225,116,340,0.0629270918978872,53.0,0.10502600125241635
2022-11-17,754,238,107,409,0.0621457321588523,56.0,0.05702795922661994
2022-11-18,570,198,75,297,0.078409380835446,44.0,0.05620860936201846
2022-11-19,517,168,76,273,0.0609070400863195,18.0,0.09155643738977072
2022-11-20,518,190,71,257,0.0725964886749325,17.0,0.03020541549953315
2022-11-21,823,289,104,430,0.0745580754808658,51.0,0.02555853115657037
2022-11-22,721,242,106,373,0.0678465788274117,59.0,0.03729903962954811
2022-11-23,655,252,78,325,0.0818161258279817,52.0,0.03704351204351204
2022-11-24,508,178,73,257,0.0782856118454168,51.0,0.07163605593752653
2022-11-25,500,175,61,264,0.0842003545123857,45.0,0.05333370744481856
2022-11-26,437,134,57,246,0.05547721657255,18.0,0.04358164983164983
2022-11-27,428,139,47,242,0.0672271495270911,18.0,0.04508230452674897
2022-11-28,527,184,70,273,0.0709544040536588,55.0,0.04041250163977436
2022-11-29,517,173,73,271,0.0738234114233095,55.0,0.06756242074423892
2022-11-30,769,259,87,423,0.0700829482475695,57.0,0.06779416976785398
2022-12-01,491,147,77,267,0.0607137133279117,24.0,0.12049005681818181
2022-12-02,440,157,51,232,0.0855383018496654,26.0,0.1314968018093018
2022-12-03,403,120,50,234,0.0671684907897054,15.0,0.11676406926406925
2022-12-04,412,153,45,214,0.0882354668580967,53.0,0.011474935790973525
2022-12-05,547,161,63,323,0.0576337529473978,67.0,0.07156624884236826
2022-12-06,508,206,58,244,0.0942911125641897,19.0,-0.016708437761069346
2022-12-07,519,191,63,266,0.0768993341294122,48.0,0.012093980479397142
2022-12-08,495,191,62,242,0.074810568322291,34.0,0.04839015151515152
2022-12-09,411,132,56,224,0.0688453861550228,52.0,0.06240894522144522
2022-12-10,382,141,48,193,0.0704145830644638,53.0,0.06984032826013958
2022-12-11,432,146,58,228,0.076346148513213,17.0,-0.0017825311942959027
2022-12-12,521,168,60,293,0.0609261423845756,46.0,0.01930186962795659
2022-12-13,599,197,91,311,0.0647419061172638,50.0,0.08203465367965368
2022-12-14,587,178,82,328,0.0581517490965756,44.0,0.061322696663605764
2022-12-15,481,157,70,254,0.0498050163987663,42.0,0.05246292860578575
2022-12-16,481,168,63,250,0.0632634664956093,49.0,0.02259352742333792
2022-12-17,358,121,49,188,0.0712802390244653,14.0,0.06372118291761149
2022-12-18,322,118,34,170,0.0992983546693271,13.0,0.057967032967032976
2022-12-19,466,158,52,256,0.0739317184372556,43.0,0.01937384643779992
2022-12-20,413,126,40,247,0.0619636555138111,48.0,0.03295754168670834
2022-12-21,467,139,52,276,0.0679975569041552,50.0,0.06548690476190476
2022-12-22,392,117,66,209,0.0533138026585092,43.0,0.03509509547300245
2022-12-23,440,132,49,259,0.0639749050574911,38.0,0.08286018075491759
2022-12-24,332,107,40,185,0.0711761195911069,15.0,0.08722222222222223
2022-12-25,362,115,41,206,0.080475759492926,16.0,-0.07004419191919192
2022-12-26,405,138,52,215,0.0682389266340655,33.0,0.06480078563411897
2022-12-27,473,161,70,243,0.0528105832705867,38.0,0.0480376129718235
2022-12-28,480,154,55,271,0.0722494997113527,41.0,0.04356676521310667
2022-12-29,420,126,45,249,0.0647263940245711,39.0,0.012593425093425092
2022-12-30,403,135,61,207,0.0617756867108825,40.0,0.03494687950937951
2022-12-31,312,128,31,153,0.1109148552225809,13.0,0.03770153457653458
2023-01-01,393,152,54,187,0.0777787252446921,6.0,0.006354617604617599
2023-01-02,508,165,71,272,0.0629225703270451,48.0,0.10877433186026936
2023-01-03,616,244,51,321,0.1332442617423086,54.0,0.06519774464218908
2023-01-04,432,143,36,253,0.0878007938952256,19.0,0.09254518872939926
2023-01-05,361,136,36,189,0.0848654534752427,,
2023-01-06,392,120,37,237,0.0604199304985842,,
2023-01-07,351,127,27,197,0.0863928300104849,,
2023-01-08,369,134,40,195,0.0753400984617109,,
2023-01-09,516,142,57,317,0.0639865464148376,,
2023-01-10,435,146,61,228,0.0757020731890805,,
2023-01-11,461,170,37,255,0.100393865762121,,
2023-01-12,818,235,81,502,0.0669302256119378,,
2023-01-13,700,202,98,400,0.0569954820845254,54.0,0.05926293356848912
2023-01-14,888,273,104,511,0.0615260430123711,24.0,0.03721801346801347
2023-01-15,515,165,61,289,0.0669002778595011,19.0,0.08449675324675324
2023-01-16,649,214,76,359,0.066274883246426,47.0,0.1560689148322127
2023-01-17,531,167,59,305,0.0587078414681768,47.0,0.033224622107600826
2023-01-18,584,183,78,323,0.0593768767139245,60.0,0.06434313371813372
2023-01-19,490,144,64,282,0.0585715517664497,62.0,0.0649407622693913
2023-01-20,693,219,83,392,0.0673776197424979,51.0,0.0810952310217016
2023-01-21,755,252,80,423,0.0791041083489463,15.0,0.11397979797979799
2023-01-22,452,166,61,225,0.0719053164539989,15.0,0.08835858585858586
2023-01-23,569,183,68,318,0.0672669990172579,54.0,0.0506733450020487
2023-01-24,535,185,63,287,0.0796399498072145,58.0,0.10786456519215139
2023-01-25,623,219,73,332,0.0757137415673502,54.0,0.024741762866762867
2023-01-26,524,172,61,291,0.0681795080802714,57.0,0.04628950321932778
2023-01-27,499,171,54,274,0.0781354912635688,53.0,0.02661695572072931
2023-01-28,374,143,38,193,0.1099876586079794,15.0,0.09526815776815777
2023-01-29,591,214,60,317,0.0895492492573401,13.0,0.1922040922040922
2023-01-30,568,185,65,318,0.0563202345341095,49.0,0.07370939717878493
2023-01-31,464,148,57,259,0.0657542170797154,58.0,0.1292613325371946
2023-02-01,519,164,49,306,0.0817486042520879,29.0,0.06944500422948699
2023-02-02,592,196,45,351,0.0792773808203495,57.0,0.06345381672073401
2023-02-03,447,159,56,232,0.0686356583942923,58.0,0.05730084092153058
2023-02-04,439,149,43,247,0.0669058281658651,14.0,0.09825396825396826
2023-02-05,412,146,42,224,0.0660074112948809,,
2023-02-06,362,140,56,166,0.0617770060581574,,
2023-02-07,464,212,51,201,0.1017297000174155,,
2023-02-08,392,164,50,178,0.0735044261707208,,
2023-02-09,587,259,85,243,0.0888360290767658,,
2023-02-10,421,184,70,167,0.0877158363777383,,
2023-02-11,393,177,49,167,0.0997117572234726,,
2023-02-12,327,119,65,143,0.0651376905247318,,
2023-02-13,386,173,53,160,0.104400968635413,53.0,0.0562014348335103
2023-02-14,395,172,48,175,0.1126769682177627,54.0,0.09817377088789125
2023-02-15,598,223,73,303,0.0833524058932721,59.0,0.1006146207841123
2023-02-16,664,242,76,346,0.0711728626944647,51.0,0.10490026818808332
2023-02-17,521,221,72,228,0.0902177988795351,48.0,0.08210950652356902
2023-02-18,379,165,47,167,0.1012480347909932,21.0,0.004342317735174878
2023-02-19,464,158,62,244,0.0696048948930818,20.0,0.05731500270562771
2023-02-20,518,203,57,258,0.0716215085099013,50.0,0.07115542328042328
2023-02-21,497,190,55,252,0.0698666382154214,61.0,0.06561318690417052
2023-02-22,476,165,40,271,0.0839899122482687,57.0,0.05910467456520088
2023-02-23,433,140,62,231,0.0547244257229402,53.0,0.028946813144926354
2023-02-24,399,152,50,197,0.080424008061696,48.0,0.09553300865800866
2023-02-25,382,129,44,210,0.0792623540515185,23.0,0.14773809523809525
2023-02-26,378,126,57,195,0.0613848949238452,18.0,0.03865600448933783
2023-02-27,500,176,73,251,0.0668121110209235,53.0,0.08578771769809505
2023-02-28,480,197,50,233,0.0950584156086326,61.0,0.015881506320030908
2023-03-01,472,147,58,267,0.0597288807223261,41.0,0.07946784922394678
